well,hours,liquid_rate,wellhead_psi,wellhead_temp,gor,water_cut,Flowpath,ID,fbhp,PI,cumulative fluid,mbt
SILVERTIP 76-7 UNIT A 5H,1,3030,3638,100,3.819984985,0.78019802,csg,4.774,6968.83,11.17998672,3030,1
SILVERTIP 76-7 UNIT A 5H,2,5717,3483,100,2.654706343,0.7766311,csg,4.774,7039.85,28.585,8747,1.529998251
SILVERTIP 76-7 UNIT A 5H,3,8716,3475,100,2.603306011,0.748049564,csg,4.774,7001.34,36.54354115,17463,2.003556677
SILVERTIP 76-7 UNIT A 5H,4,9312,3146,100,2.692888307,0.753865979,csg,4.774,6666.19,16.23261165,26775,2.875322165
SILVERTIP 76-7 UNIT A 5H,5,11129,2976,100,2.754059936,0.748135502,csg,4.774,6496.27,14.96678232,37904,3.405876539
SILVERTIP 76-7 UNIT A 5H,6,11705,3056,100,2.709426425,0.749765058,csg,4.774,6609.81,18.57818551,49609,4.238274242
SILVERTIP 76-7 UNIT A 5H,7,13422,2710,100,2.744644604,0.741096707,csg,4.774,6253.47,13.60733186,63031,4.696095962
SILVERTIP 76-7 UNIT A 5H,8,929,1361,100,2.685299539,0.766415501,csg,4.774,4895.39,0.396253295,63960,68.8482239
SILVERTIP 76-7 UNIT A 5H,10,9541,2743,100,2.740788804,0.752856095,csg,4.774,6227.37,9.423396018,73501,7.703699822
SILVERTIP 76-7 UNIT A 5H,11,13280,2594,100,2.713618219,0.705722892,csg,4.774,6036.56,11.03640851,86781,6.534713855
SILVERTIP 76-7 UNIT A 5H,12,12531,2871,100,2.71973944,0.709041577,csg,4.774,6323.6,13.67639836,99312,7.925305243
SILVERTIP 76-7 UNIT A 5H,13,12517,2418,100,2.689972444,0.710074299,csg,4.774,5834.95,8.909530927,111829,8.934169529
SILVERTIP 76-7 UNIT A 5H,14,13788,2418,100,2.67968041,0.702712504,csg,4.774,5856.77,9.969054574,125617,9.110603423
SILVERTIP 76-7 UNIT A 5H,15,14068,2418,100,2.645472613,0.706710264,csg,4.774,5883.97,10.37554946,139685,9.929272107
SILVERTIP 76-7 UNIT A 5H,16,13999,2418,100,2.697583761,0.707907708,csg,4.774,5872.23,10.23603048,153684,10.97821273
SILVERTIP 76-7 UNIT A 5H,17,13965,2418,100,2.681062591,0.704833512,csg,4.774,5867.24,10.17404798,167649,12.00494092
SILVERTIP 76-7 UNIT A 5H,18,13667,2418,100,2.675816251,0.703738933,csg,4.774,5856.38,9.87878306,181316,13.26670081
SILVERTIP 76-7 UNIT A 5H,19,13383,1240,100,2.680329477,0.702906673,csg,4.774,4346.53,4.625482145,194699,14.54823283
SILVERTIP 76-7 UNIT A 5H,20,13217,1974,100,2.681101243,0.701823409,csg,4.774,5320.01,6.884427869,207916,15.73095256
SILVERTIP 76-7 UNIT A 5H,21,13049,1924,100,2.680215385,0.701126523,csg,4.774,5253.04,6.567814738,220965,16.93348149
SILVERTIP 76-7 UNIT A 5H,22,11399,1923,100,2.679228007,0.706816387,csg,4.774,5219.45,5.641952089,232364,20.38459514
SILVERTIP 76-7 UNIT A 5H,23,12624,1880,100,2.719267643,0.702550697,csg,4.774,5178.11,6.122983499,244988,19.40652725
SILVERTIP 76-7 UNIT A 5H,24,12403,1843,100,2.699627346,0.699266307,csg,4.774,5122.22,5.857019404,257391,20.75231799
SILVERTIP 76-7 UNIT A 5H,25,12225,1843,100,2.67083266,0.696441718,csg,4.774,5117.17,5.759228899,269616,22.05447853
SILVERTIP 76-7 UNIT A 5H,26,12007,1786,100,2.675292824,0.697093362,csg,4.774,5039.24,5.456214413,281623,23.45490131
SILVERTIP 76-7 UNIT A 5H,27,11890,1751,100,2.794736083,0.708410429,csg,4.774,4987.37,5.278626225,293513,24.68570227
SILVERTIP 76-7 UNIT A 5H,28,11724,1728,100,2.694759764,0.696434664,csg,4.774,4948.2,5.11596448,305237,26.03522689
SILVERTIP 76-7 UNIT A 5H,29,11584,1696,100,2.668117614,0.693197514,csg,4.774,4901.66,4.954259491,316821,27.34987914
SILVERTIP 76-7 UNIT A 5H,30,9758,1700,100,2.722925477,0.704345153,csg,4.774,4872.4,4.121734356,326579,33.46782127
SILVERTIP 76-7 UNIT A 5H,31,11329,1850,100,2.679353177,0.69158796,csg,4.774,5083.7,5.254272662,337908,29.82681614
SILVERTIP 76-7 UNIT A 5H,32,7822,1776,100,2.832714808,0.720276144,csg,4.774,4943.86,3.406809263,345730,44.19969317
SILVERTIP 76-7 UNIT A 5H,33,10846,1658,100,2.745369063,0.712705145,csg,4.774,4863.74,4.564603491,356576,32.87626775
SILVERTIP 76-7 UNIT A 5H,34,11118,1617,100,2.62160835,0.694099658,csg,4.774,4801.49,4.559622041,367694,33.07195539
SILVERTIP 76-7 UNIT A 5H,35,10885,1588,100,2.523972206,0.682682591,csg,4.774,4756.18,4.382627322,378579,34.77988057
SILVERTIP 76-7 UNIT A 5H,36,10705,1583,100,2.560207715,0.685193835,csg,4.774,4738.62,4.279894292,389284,36.3646894
SILVERTIP 76-7 UNIT A 5H,37,10375,1541,100,2.633014033,0.684048193,csg,4.774,4644.72,3.997872939,399659,38.5213494
SILVERTIP 76-7 UNIT A 5H,38,8986,1553,100,2.675558376,0.693078122,csg,4.774,4638.73,3.454665682,408645,45.47574004
SILVERTIP 76-7 UNIT A 5H,39,10200,1505,100,2.660230601,0.685392157,csg,4.774,4585.13,3.842213115,418845,41.06323529
SILVERTIP 76-7 UNIT A 5H,40,10065,1502,100,2.668612753,0.680576254,csg,4.774,4560.53,3.756550169,428910,42.61400894
SILVERTIP 76-7 UNIT A 5H,41,7134,1510,100,2.66097166,0.688393608,csg,4.774,4529.85,2.632472325,436044,61.12195122
SILVERTIP 76-7 UNIT A 5H,42,9923,1455,100,2.680259699,0.685679734,csg,4.774,4501.3,3.623450366,445967,44.94275925
SILVERTIP 76-7 UNIT A 5H,43,9668,1424,100,2.621973428,0.680802648,csg,4.774,4455.17,3.471853139,455635,47.12815474
SILVERTIP 76-7 UNIT A 5H,44,9565,1399,100,2.585856264,0.677051751,csg,4.774,4417.6,3.389139871,465200,48.63565081
SILVERTIP 76-7 UNIT A 5H,45,9402,1382,100,2.63233521,0.678898107,csg,4.774,4377.49,3.284702134,474602,50.47883429
SILVERTIP 76-7 UNIT A 5H,46,9262,1363,100,2.670299865,0.679550853,csg,4.774,4334.23,3.187615724,483864,52.24184841
SILVERTIP 76-7 UNIT A 5H,47,9103,1363,100,2.644789065,0.674502911,csg,4.774,4323.83,3.121720702,492967,54.15434472
SILVERTIP 76-7 UNIT A 5H,48,8964,1324,100,2.657741715,0.673471664,csg,4.774,4253.38,3.001536932,501931,55.99408746
SILVERTIP 76-7 UNIT A 5H,49,8821,1301,100,2.658563019,0.672599479,csg,4.774,4211.26,2.912576479,510752,57.90182519
SILVERTIP 76-7 UNIT A 5H,50,8706,1285,100,2.665448808,0.672409832,csg,4.774,4180.25,2.845469996,519458,59.66666667
SILVERTIP 76-7 UNIT A 5H,51,8643,1279,100,2.649094782,0.674071503,csg,4.774,4180.37,2.824989868,528101,61.1015851
SILVERTIP 76-7 UNIT A 5H,52,8617,1281,100,2.774659007,0.686897992,csg,4.774,4178.16,2.814458681,536718,62.28594639
SILVERTIP 76-7 UNIT A 5H,53,8498,1279,100,2.648736399,0.664744646,csg,4.774,4148.14,2.74864072,545216,64.15815486
SILVERTIP 76-7 UNIT A 5H,54,8342,1238,100,2.661385328,0.663390074,csg,4.774,4069.72,2.631437827,553558,66.35794773
SILVERTIP 76-7 UNIT A 5H,55,8221,1213,100,2.633280461,0.662571463,csg,4.774,4034.13,2.564478495,561779,68.33463082
SILVERTIP 76-7 UNIT A 5H,56,8112,1201,100,2.686464006,0.669501972,csg,4.774,4013.02,2.513922332,569891,70.25283531
SILVERTIP 76-7 UNIT A 5H,57,8016,1166,100,2.595744125,0.665543912,csg,4.774,3975.12,2.455333213,577907,72.09418663
SILVERTIP 76-7 UNIT A 5H,58,5788,1023,100,2.623908847,0.677781617,csg,4.774,3702.28,1.636151369,583695,100.8457153
SILVERTIP 76-7 UNIT A 5H,59,5989,1023,100,2.833904338,0.699782935,csg,4.774,3700.09,1.691922616,589684,98.46117883
SILVERTIP 76-7 UNIT A 5H,60,3741,1930,100,3.537192755,0.793370756,csg,4.774,5157.57,1.796588355,593425,158.6273724
SILVERTIP 76-7 UNIT A 5H,61,6615,1140,100,2.71625857,0.691307634,csg,4.774,3937.21,2.0029431,600040,90.70899471
SILVERTIP 76-7 UNIT A 5H,62,5032,1140,100,2.768032573,0.694952305,csg,4.774,3900.34,1.506807885,605072,120.2448331
SILVERTIP 76-7 UNIT A 5H,63,4269,1237,100,3.080433604,0.740688686,csg,4.774,4112.75,1.365162611,609341,142.736238
SILVERTIP 76-7 UNIT A 5H,64,6854,1193,100,2.732296128,0.679749052,csg,4.774,3986.11,2.106498983,616195,89.90297636
SILVERTIP 76-7 UNIT A 5H,65,5615,1150,100,2.475404255,0.665182547,csg,4.774,3945.92,1.704650676,621810,110.7408727
SILVERTIP 76-7 UNIT A 5H,66,5543,1150,100,2.794792519,0.691322389,csg,4.774,3902.98,1.661137533,627353,113.1793253
SILVERTIP 76-7 UNIT A 5H,67,6722,1178,100,2.711064367,0.646385004,csg,4.774,3858.45,1.987933992,634075,94.3283249
SILVERTIP 76-7 UNIT A 5H,68,7304,1116,100,2.672254902,0.622946331,csg,4.774,3708.08,2.068084841,641379,87.81202081
SILVERTIP 76-7 UNIT A 5H,69,6677,1034,100,2.783286802,0.645948779,csg,4.774,3567.08,1.8179739,648056,97.05796016
SILVERTIP 76-7 UNIT A 5H,70,7894,3823,100,2.630894389,0.616164175,csg,4.774,7022.07,36.24758931,655950,83.09475551
SILVERTIP 76-7 UNIT A 5H,71,6879,936,100,2.532603746,0.604157581,csg,4.774,3357.93,1.772061248,662829,96.35542957
SILVERTIP 76-7 UNIT A 5H,72,7326,1120,100,2.800742814,0.634316134,csg,4.774,3699.02,2.069006419,670155,91.47624898
SILVERTIP 76-7 UNIT A 5H,73,5105,935,100,2.582990354,0.634476004,csg,4.774,3385.6,1.324511902,675260,132.2742409
SILVERTIP 76-7 UNIT A 5H,74,6531,905,100,2.511473932,0.609401317,csg,4.774,3310.76,1.662216951,681791,104.3930485
SILVERTIP 76-7 UNIT A 5H,75,6336,888,100,2.454724717,0.595801768,csg,4.774,3255.44,1.590197796,688127,108.6059028
SILVERTIP 76-7 UNIT A 5H,76,5359,888,100,2.946804002,0.682963239,csg,4.774,3307.94,1.362950831,693486,129.4058593
SILVERTIP 76-7 UNIT A 5H,77,5719,886,100,2.454151111,0.606574576,csg,4.774,3269.08,1.440274808,699205,122.2600105
SILVERTIP 76-7 UNIT A 5H,78,4498,883,100,2.410529311,0.609381948,csg,4.774,3267.45,1.132312959,703703,156.4479769
SILVERTIP 76-7 UNIT A 5H,79,6117,823,100,2.411592991,0.589504659,csg,4.774,3111.13,1.481572981,709820,116.0405427
SILVERTIP 76-7 UNIT A 5H,80,6251,781,100,2.434530149,0.591425372,csg,4.774,3014.33,1.479344554,716071,114.5530315
SILVERTIP 76-7 UNIT A 5H,81,6149,761,100,2.4529531,0.590827777,csg,4.774,2953.44,1.434533794,722220,117.4532444
SILVERTIP 76-7 UNIT A 5H,82,5984,743,100,2.445014268,0.590073529,csg,4.774,2907.61,1.381271582,728204,121.6918449
SILVERTIP 76-7 UNIT A 5H,83,5880,723,100,2.438990826,0.592176871,csg,4.774,2866.26,1.344433292,734084,124.8442177
SILVERTIP 76-7 UNIT A 5H,84,5710,713,100,2.426625054,0.593169877,csg,4.774,2846.49,1.299688621,739794,129.5611208
SILVERTIP 76-7 UNIT A 5H,85,5597,681,100,2.501830417,0.601750938,csg,4.774,2751.88,1.247111723,745391,133.1768805
SILVERTIP 76-7 UNIT A 5H,86,5529,686,100,2.460909498,0.596310364,csg,4.774,2765.91,1.235823458,750920,135.8147947
SILVERTIP 76-7 UNIT A 5H,87,5432,668,100,2.462943052,0.595913108,csg,4.774,2714.86,1.200444642,756352,139.2400589
SILVERTIP 76-7 UNIT A 5H,88,5332,660,100,2.47535363,0.599587397,csg,4.774,2696.87,1.173678951,761684,142.8514629
SILVERTIP 76-7 UNIT A 5H,89,5189,655,100,2.457303425,0.60050106,csg,4.774,2692.24,1.141038919,766873,147.7882058
SILVERTIP 76-7 UNIT A 5H,90,5191,646,100,2.571940822,0.615873627,csg,4.774,2661.71,1.133866592,772064,148.7312657
SILVERTIP 76-7 UNIT A 5H,91,5127,634,100,2.455021792,0.597230349,csg,4.774,2626.77,1.111404962,777191,151.5878681
SILVERTIP 76-7 UNIT A 5H,92,5025,629,100,2.449689808,0.595820896,csg,4.774,2608.64,1.085029614,782216,155.6648756
SILVERTIP 76-7 UNIT A 5H,93,4969,616,100,2.479145427,0.59730328,csg,4.774,2562.72,1.062403654,787185,158.419199
SILVERTIP 76-7 UNIT A 5H,94,4928,614,100,2.482604957,0.598823052,csg,4.774,2559.29,1.052865469,792113,160.7372159
SILVERTIP 76-7 UNIT A 5H,95,4862,606,100,2.451350531,0.593377211,csg,4.774,2534.89,1.033377542,796975,163.9191691
SILVERTIP 76-7 UNIT A 5H,96,4784,601,100,2.441822382,0.592809365,csg,4.774,2522.35,1.014096449,801759,167.5917642
SILVERTIP 76-7 UNIT A 5H,97,4756,593,100,2.516779661,0.603027754,csg,4.774,2495.02,1.002354141,806515,169.5784272
SILVERTIP 76-7 UNIT A 5H,98,4691,588,100,2.511997863,0.600937966,csg,4.774,2475.35,0.984573407,811206,172.9281603
SILVERTIP 76-7 UNIT A 5H,99,4649,599,100,2.534237656,0.60357066,csg,4.774,2499.67,0.980764444,815855,175.490428
SILVERTIP 76-7 UNIT A 5H,100,4647,596,100,2.466745283,0.589412524,csg,4.774,2480.68,0.976430764,820502,176.5659565
SILVERTIP 76-7 UNIT A 5H,101,4630,573,100,2.463,0.596112311,csg,4.774,2443.38,0.965293226,825132,178.2142549
SILVERTIP 76-7 UNIT A 5H,102,4536,557,100,2.489133255,0.626102293,csg,4.774,2484.82,0.953937199,829668,182.9074074
SILVERTIP 76-7 UNIT A 5H,103,4174,553,100,2.56502509,0.665788213,csg,4.774,2575.02,0.894780732,833842,199.7704839
SILVERTIP 76-7 UNIT A 5H,104,3891,496,100,2.50080402,0.693138011,csg,4.774,2560.7,0.831561288,837733,215.3001799
SILVERTIP 76-7 UNIT A 5H,105,3962,498,100,2.472484636,0.71251893,csg,4.774,2679.6,0.868812017,841695,212.4419485
SILVERTIP 76-7 UNIT A 5H,106,3929,474,100,2.515444015,0.736319674,csg,4.774,2707.86,0.866948074,845624,215.2262662
SILVERTIP 76-7 UNIT A 5H,107,3912,488,100,2.430566219,0.733640082,csg,4.774,2784.77,0.87809871,849536,217.1615542
SILVERTIP 76-7 UNIT A 5H,108,3753,501,100,2.498215812,0.75059952,csg,4.774,2873.42,0.859512233,853289,227.3618439
SILVERTIP 76-7 UNIT A 5H,109,3676,504,100,2.472832053,0.752176279,csg,4.774,2904.18,0.847850505,856965,233.1243199
SILVERTIP 76-7 UNIT A 5H,110,4122,508,100,2.467603306,0.73580786,csg,4.774,2836.61,0.936128851,861087,208.9002911
SILVERTIP 76-7 UNIT A 5H,111,4152,513,100,2.458477477,0.73265896,csg,4.774,2839.94,0.943655666,865239,208.390896
SILVERTIP 76-7 UNIT A 5H,112,991,658,100,2.478733333,0.697275479,csg,4.774,3277.47,0.250102211,866230,874.0968718
SILVERTIP 76-7 UNIT A 5H,113,3136,681,100,2.453092926,0.770089286,csg,4.774,3448.69,0.827187457,869366,277.221301
SILVERTIP 76-7 UNIT A 5H,114,3512,648,100,2.525069817,0.734908884,csg,4.774,3157.63,0.8603162,872878,248.5415718
SILVERTIP 76-7 UNIT A 5H,115,3407,2720,100,2.552973301,0.758144996,csg,4.774,6187.62,3.237885253,876285,257.2013502
SILVERTIP 76-7 UNIT A 5H,116,3376,590,100,2.56215894,0.776362559,csg,4.774,3217.18,0.839243587,879661,260.5630924
SILVERTIP 76-7 UNIT A 5H,117,3310,560,100,2.384019471,0.782779456,csg,4.774,3274.66,0.834764538,882971,266.7586103
SILVERTIP 76-7 UNIT A 5H,118,3347,576,100,2.435014535,0.794442785,csg,4.774,3356.18,0.861813697,886318,264.8096803
SILVERTIP 76-7 UNIT A 5H,119,3388,626,100,2.447125341,0.783353011,csg,4.774,3402.88,0.8829884,889706,262.6050767
SILVERTIP 76-7 UNIT A 5H,120,3551,668,100,2.498315789,0.759222754,csg,4.774,3344.05,0.91149443,893257,251.5508308
SILVERTIP 76-7 UNIT A 5H,121,3598,705,100,2.512720739,0.729294052,csg,4.774,3273.37,0.907101511,896855,249.2648694
SILVERTIP 76-7 UNIT A 5H,122,3542,980,100,2.396861314,0.690570299,csg,4.774,3737,1.011176613,900397,254.2058159
SILVERTIP 76-7 UNIT A 5H,123,3466,655,100,2.493464351,0.684362377,csg,4.774,2955.39,0.808970092,903863,260.7798615
SILVERTIP 76-7 UNIT A 5H,124,1480,655,100,2.43992,0.662162162,csg,4.774,2865.76,0.338356092,905343,611.7182432
SILVERTIP 76-7 UNIT A 5H,141,3105,655,100,2.453333333,0.683091787,csg,4.774,2966.57,0.726608132,908448,292.5758454
SILVERTIP 76-7 UNIT A 5H,142,3257,655,100,2.424021448,0.6564323,csg,4.774,2873.69,0.745964417,911705,279.9217071
SILVERTIP 76-7 UNIT A 5H,143,3126,655,100,2.412841727,0.644273832,csg,4.774,2829.36,0.708764786,914831,292.6522713
SILVERTIP 76-7 UNIT A 5H,144,3043,655,100,2.398487849,0.63489977,csg,4.774,2799.83,0.685357273,917874,301.6345711
SILVERTIP 76-7 UNIT A 5H,145,2982,655,100,2.373067265,0.626089873,csg,4.774,2780.26,0.668671335,920856,308.804829
SILVERTIP 76-7 UNIT A 5H,146,2922,655,100,2.431216342,0.631416838,csg,4.774,2765.34,0.653032399,923778,316.1457906
SILVERTIP 76-7 UNIT A 5H,147,2889,655,100,2.379972702,0.619591554,csg,4.774,2750.33,0.643498637,926667,320.7570093
SILVERTIP 76-7 UNIT A 5H,148,2798,655,100,2.379083255,0.617941387,csg,4.774,2743.24,0.622246537,929465,332.1890636
SILVERTIP 76-7 UNIT A 5H,149,2826,655,100,2.390549954,0.613941967,csg,4.774,2722.18,0.625543698,932291,329.8977353
SILVERTIP 76-7 UNIT A 5H,150,2796,655,100,2.398090406,0.61230329,csg,4.774,2711.26,0.617410717,935087,334.4374106
SILVERTIP 76-7 UNIT A 5H,151,2770,655,100,2.492700096,0.625631769,csg,4.774,2705.63,0.610909925,937857,338.5765343
SILVERTIP 76-7 UNIT A 5H,152,2744,655,100,2.37565097,0.6053207,csg,4.774,2698.42,0.604214972,940601,342.784621
SILVERTIP 76-7 UNIT A 5H,153,2721,655,100,2.383669468,0.606394708,csg,4.774,2697.14,0.598981665,943322,346.6821022
SILVERTIP 76-7 UNIT A 5H,154,2702,655,100,2.344112754,0.599555885,csg,4.774,2696.07,0.594659072,946024,350.1199112
SILVERTIP 76-7 UNIT A 5H,155,2654,655,100,2.323973758,0.597965335,csg,4.774,2701.92,0.584848158,948678,357.4521477
SILVERTIP 76-7 UNIT A 5H,156,2655,655,100,2.3566164,0.600376648,csg,4.774,2690.71,0.583626795,951333,358.3175141
SILVERTIP 76-7 UNIT A 5H,157,2656,655,100,2.363046358,0.602033133,csg,4.774,2692.78,0.584112406,953989,359.1826054
SILVERTIP 76-7 UNIT A 5H,158,2593,655,100,2.307616334,0.593906672,csg,4.774,2696.74,0.570754395,956582,368.9093714
SILVERTIP 76-7 UNIT A 5H,159,2624,655,100,2.374180952,0.599847561,csg,4.774,2677.83,0.5751838,959206,365.5510671
SILVERTIP 76-7 UNIT A 5H,160,2606,655,100,2.372979943,0.598234843,csg,4.774,2672.58,0.570581551,961812,369.0759785
SILVERTIP 76-7 UNIT A 5H,161,2587,655,100,2.365258126,0.595670661,csg,4.774,2667.83,0.565833045,964399,372.7866254
SILVERTIP 76-7 UNIT A 5H,162,2574,94.37,100,2.331893435,0.591686092,csg,4.774,1115.14,0.420264796,966973,375.6693862
SILVERTIP 76-7 UNIT A 5H,163,2566,170,100,2.332217936,0.595869057,csg,4.774,1319.95,0.433453268,969539,377.840608
SILVERTIP 76-7 UNIT A 5H,164,2553,308.13,100,2.355756991,0.593811203,tbg,2.441,2660.66,0.557522182,972092,380.7645907
SILVERTIP 76-7 UNIT A 5H,165,2539,398.13,100,2.362808552,0.594722332,tbg,2.441,2812.69,0.573505362,974631,383.8641197
SILVERTIP 76-7 UNIT A 5H,166,2524,401.88,100,2.372015579,0.593106181,tbg,2.441,2807.4,0.569436767,977155,387.1454041
SILVERTIP 76-7 UNIT A 5H,167,3538,400.63,100,2.351865889,0.709157716,tbg,2.441,3487.63,0.942908465,980693,277.1885246
SILVERTIP 76-7 UNIT A 5H,168,2501,400,100,2.231585127,0.591363455,tbg,2.441,2829.94,0.567131756,983194,393.1203519
SILVERTIP 76-7 UNIT A 5H,169,2485,400,100,2.374619189,0.593158954,tbg,2.441,2786.42,0.55799687,985679,396.6515091
SILVERTIP 76-7 UNIT A 5H,170,2471,398.75,100,2.35417734,0.589235127,tbg,2.441,2776.36,0.553602674,988150,399.8988264
SILVERTIP 76-7 UNIT A 5H,171,2464,398.75,100,2.345194274,0.603084416,tbg,2.441,2801.57,0.555170021,990614,402.0349026
SILVERTIP 76-7 UNIT A 5H,172,2464,1037.5,100,2.357605042,0.613636364,tbg,2.441,3926.43,0.74364252,993078,403.0349026
SILVERTIP 76-7 UNIT A 5H,173,2282,1070,100,2.201900552,0.603418054,tbg,2.441,3972.98,0.698527949,995360,436.1787905
SILVERTIP 76-7 UNIT A 5H,174,2426,1017.5,100,2.022161017,0.61088211,tbg,2.441,4018.42,0.753081706,997786,411.2885408
SILVERTIP 76-7 UNIT A 5H,175,2322,1062.5,100,1.529853604,0.617571059,tbg,2.441,4355.37,0.804997781,1000108,430.709733
SILVERTIP 76-7 UNIT A 5H,176,2409,1052.5,100,2.186393606,0.584474886,tbg,2.441,3935.02,0.728933107,1002517,416.154836
SILVERTIP 76-7 UNIT A 5H,177,2397,1053.75,100,2.180187377,0.576971214,tbg,2.441,3919.17,0.721840105,1004914,419.2382144
SILVERTIP 76-7 UNIT A 5H,178,2386,1053.13,100,2.312253669,0.600167645,tbg,2.441,3916.52,0.717954582,1007300,422.1709975
SILVERTIP 76-7 UNIT A 5H,179,2372,1024.38,100,2.268721881,0.587689713,tbg,2.441,3852.35,0.700221402,1009672,425.6627319
SILVERTIP 76-7 UNIT A 5H,180,2360,999.38,100,2.340506864,0.598728814,tbg,2.441,3805.32,0.687139143,1012032,428.8271186
SILVERTIP 76-7 UNIT A 5H,181,2321,1028.75,100,2.410296703,0.607927617,tbg,2.441,3839.93,0.682663121,1014353,437.0327445
SILVERTIP 76-7 UNIT A 5H,182,2363,1045.63,100,2.318541033,0.582310622,tbg,2.441,3853.3,0.697760257,1016716,430.2649175
SILVERTIP 76-7 UNIT A 5H,183,2498,1023.75,100,2.514390244,0.606084868,tbg,2.441,3839.64,0.734660506,1019214,408.0120096
SILVERTIP 76-7 UNIT A 5H,184,2699,1033.13,100,2.430070796,0.581326417,tbg,2.441,3889.06,0.805481692,1021913,378.6265283
SILVERTIP 76-7 UNIT A 5H,185,2761,1064.38,100,2.338360791,0.560304238,tbg,2.441,3945.29,0.838048176,1024674,371.1242304
SILVERTIP 76-7 UNIT A 5H,186,2775,1090.63,100,2.459948805,0.577657658,tbg,2.441,3986.23,0.852896159,1027449,370.2518919
SILVERTIP 76-7 UNIT A 5H,187,2764,1079.38,100,2.392698816,0.5723589,tbg,2.441,3975.85,0.846813725,1030213,372.725398
SILVERTIP 76-7 UNIT A 5H,188,2550,1083.75,100,2.474538606,0.583529412,tbg,2.441,3914.59,0.766857328,1032763,405.005098
SILVERTIP 76-7 UNIT A 5H,189,2802,1111.88,100,2.371392,0.553890079,tbg,2.441,4008.68,0.867178143,1035565,369.5806567
SILVERTIP 76-7 UNIT A 5H,190,2795,1073.13,100,2.834214079,0.628980322,tbg,2.441,3967.76,0.854194108,1038360,371.5062612
SILVERTIP 76-7 UNIT A 5H,191,2791,1056.88,100,2.449043624,0.572912934,tbg,2.441,3932.69,0.843926511,1041151,373.0386958
SILVERTIP 76-7 UNIT A 5H,192,2777,1046.25,100,2.396689189,0.573640619,tbg,2.441,3929.38,0.838853698,1043928,375.9193374
SILVERTIP 76-7 UNIT A 5H,193,2742,1091.88,100,2.577134884,0.607950401,tbg,2.441,4005.68,0.847821852,1046670,381.7177243
SILVERTIP 76-7 UNIT A 5H,194,2722,1089.38,100,2.244697357,0.569066863,tbg,2.441,4022.96,0.846158868,1049392,385.52241
SILVERTIP 76-7 UNIT A 5H,195,2712,1071.88,100,2.453093458,0.605457227,tbg,2.441,3998.96,0.836807173,1052104,387.9439528
SILVERTIP 76-7 UNIT A 5H,196,2551,1078.13,100,2.34696737,0.591532732,tbg,2.441,3968.07,0.779697901,1054655,413.4280674
SILVERTIP 76-7 UNIT A 5H,197,2696,1059.38,100,2.392784349,0.59235905,tbg,2.441,3965.52,0.823374553,1057351,392.1925074
SILVERTIP 76-7 UNIT A 5H,198,2676,1080.63,100,2.317879859,0.576980568,tbg,2.441,3986.23,0.822468512,1060027,396.1236921
SILVERTIP 76-7 UNIT A 5H,199,2402,1093.13,100,2.349647887,0.586178185,tbg,2.441,3939.05,0.727702375,1062429,442.3101582
SILVERTIP 76-7 UNIT A 5H,200,2690,1088.13,100,2.374817453,0.582527881,tbg,2.441,3994.26,0.828816949,1065119,395.9550186
SILVERTIP 76-7 UNIT A 5H,201,2668,1082.5,100,2.357324444,0.578335832,tbg,2.441,3975.94,0.8174245,1067787,400.220015
SILVERTIP 76-7 UNIT A 5H,202,2657,1079.38,100,2.342358156,0.575461046,tbg,2.441,3966.87,0.811798422,1070444,402.8769289
SILVERTIP 76-7 UNIT A 5H,203,2570,1080,100,2.51737799,0.593385214,tbg,2.441,3921.9,0.774574662,1073014,417.5151751
SILVERTIP 76-7 UNIT A 5H,204,2562,1073.13,100,2.521774349,0.595238095,tbg,2.441,3911.18,0.769676778,1075576,419.8188915
SILVERTIP 76-7 UNIT A 5H,205,2546,1065.63,100,2.519670223,0.59505106,tbg,2.441,3894.75,0.76111327,1078122,423.4571877
SILVERTIP 76-7 UNIT A 5H,206,2517,1060,100,2.520425321,0.598331347,tbg,2.441,3884.23,0.750084932,1080639,429.3361144
SILVERTIP 76-7 UNIT A 5H,207,2425,1060.63,100,2.704334086,0.634639175,tbg,2.441,3886.01,0.723051785,1083064,446.6243299
SILVERTIP 76-7 UNIT A 5H,208,2478,1053.75,100,2.537325349,0.595641646,tbg,2.441,3851.19,0.731262505,1085542,438.0718321
SILVERTIP 76-7 UNIT A 5H,209,2446,1048.75,100,2.547352342,0.598528209,tbg,2.441,3836.94,0.718796559,1087988,444.8029436
SILVERTIP 76-7 UNIT A 5H,210,2439,1042.5,100,2.551235955,0.598605986,tbg,2.441,3823.6,0.713940724,1090427,447.0795408
SILVERTIP 76-7 UNIT A 5H,211,2373,1046.88,100,2.54280295,0.600084282,tbg,2.441,3817.95,0.693474386,1092800,460.5141172
SILVERTIP 76-7 UNIT A 5H,212,2401,1011.25,100,2.576097815,0.599750104,tbg,2.441,3755.53,0.68908711,1095201,456.1436901
SILVERTIP 76-7 UNIT A 5H,213,2390,1025.63,100,2.651873049,0.59790795,tbg,2.441,3747.65,0.684382338,1097591,459.2430962
SILVERTIP 76-7 UNIT A 5H,214,2376,1026.88,100,2.609421053,0.60016835,tbg,2.441,3764.04,0.683581669,1099967,462.9490741
SILVERTIP 76-7 UNIT A 5H,215,2364,1010,100,2.555492063,0.600253807,tbg,2.441,3750.59,0.677507552,1102331,466.2990694
SILVERTIP 76-7 UNIT A 5H,216,2353,1028.13,100,2.610615058,0.599235019,tbg,2.441,3756.84,0.6755651,1104684,469.478963
SILVERTIP 76-7 UNIT A 5H,217,2335,1032.5,100,2.591948608,0.6,tbg,2.441,3766.79,0.672317783,1107019,474.0980728
SILVERTIP 76-7 UNIT A 5H,218,2323,1031.25,100,2.565732899,0.603529918,tbg,2.441,3778.37,0.671100223,1109342,477.5471373
SILVERTIP 76-7 UNIT A 5H,219,2311,1031.25,100,2.560347448,0.601471225,tbg,2.441,3771.94,0.66639561,1111653,481.0268282
SILVERTIP 76-7 UNIT A 5H,220,2298,1036.25,100,2.586056955,0.602697998,tbg,2.441,3770.78,0.662425376,1113951,484.7480418
SILVERTIP 76-7 UNIT A 5H,221,2285,1035.63,100,2.664829483,0.602188184,tbg,2.441,3738.86,0.65267253,1116236,488.5059081
SILVERTIP 76-7 UNIT A 5H,222,2276,1030.63,100,2.597455556,0.60456942,tbg,2.441,3755.83,0.653268351,1118512,491.4376098
SILVERTIP 76-7 UNIT A 5H,223,2261,1028.75,100,2.57344098,0.602830606,tbg,2.441,3752.54,0.648350735,1120773,495.6979213
SILVERTIP 76-7 UNIT A 5H,224,2255,1023.75,100,2.615636161,0.602660754,tbg,2.441,3727.8,0.642075141,1123028,498.0168514
SILVERTIP 76-7 UNIT A 5H,225,2241,1036.25,100,2.697221597,0.603302097,tbg,2.441,3719.44,0.636573581,1125269,502.1280678
SILVERTIP 76-7 UNIT A 5H,226,2197,1048.13,100,2.708032407,0.606736459,tbg,2.441,3731.56,0.626231013,1127466,513.1843423
SILVERTIP 76-7 UNIT A 5H,227,2231,1006.25,100,2.688558559,0.60197221,tbg,2.441,3666.09,0.624272475,1129697,506.3635141
SILVERTIP 76-7 UNIT A 5H,228,2149,1003.75,100,2.739179927,0.619823174,tbg,2.441,3665.25,0.601186147,1131846,526.6849698
SILVERTIP 76-7 UNIT A 5H,229,2203,1003.13,100,2.678331402,0.608261462,tbg,2.441,3670.89,0.617266655,1134049,514.7748525
SILVERTIP 76-7 UNIT A 5H,230,2190,1033.75,100,2.684381503,0.605022831,tbg,2.441,3709.13,0.620270087,1136239,518.8305936
SILVERTIP 76-7 UNIT A 5H,231,2177,1008.75,100,2.709601874,0.607717042,tbg,2.441,3661.49,0.608379258,1138416,522.9288011
SILVERTIP 76-7 UNIT A 5H,232,2171,1009.38,100,2.723808411,0.605711654,tbg,2.441,3651.52,0.605016818,1140587,525.3740212
SILVERTIP 76-7 UNIT A 5H,233,2217,1007.5,100,3.031251613,0.650428507,tbg,2.441,3681.42,0.623027571,1142804,515.4731619
SILVERTIP 76-7 UNIT A 5H,234,2165,1036.25,100,2.738873239,0.606466513,tbg,2.441,3692.04,0.61023561,1144969,528.8540416
SILVERTIP 76-7 UNIT A 5H,235,1991,1035.63,100,2.739007833,0.615268709,tbg,2.441,3665.88,0.557083579,1146960,576.0723255
SILVERTIP 76-7 UNIT A 5H,236,2163,1042.5,100,2.642450867,0.600092464,tbg,2.441,3718.5,0.614253056,1149123,531.2635229
SILVERTIP 76-7 UNIT A 5H,237,1939,1003.13,100,2.690564304,0.607013925,tbg,2.441,3591.64,0.531493527,1151062,593.6369263
SILVERTIP 76-7 UNIT A 5H,238,2147,1000,100,2.721888361,0.607824872,tbg,2.441,3634.47,0.595498949,1153209,537.1257569
SILVERTIP 76-7 UNIT A 5H,239,2092,940.63,100,2.315065856,0.528202677,tbg,2.441,3483.56,0.556932505,1155301,552.2471319
SILVERTIP 76-7 UNIT A 5H,240,1426,1040,100,2.80558,0.649368864,tbg,2.441,3625.47,0.394535162,1156727,811.1690042
SILVERTIP 76-7 UNIT A 5H,241,2137,1042.5,100,2.402252066,0.547028545,tbg,2.441,3676.6,0.599733389,1158864,542.2854469
SILVERTIP 76-7 UNIT A 5H,242,1857,1034.38,100,1.854761905,0.423263328,tbg,2.441,3590.79,0.508898182,1160721,625.0516963
SILVERTIP 76-7 UNIT A 5H,243,2113,1039.38,100,2.717161836,0.608140085,tbg,2.441,3694.11,0.595926379,1162834,550.3237104
SILVERTIP 76-7 UNIT A 5H,244,2092,1036.25,100,2.728181818,0.605640535,tbg,2.441,3673.33,0.586566177,1164926,556.8479924
SILVERTIP 76-7 UNIT A 5H,245,2076,1039.38,100,2.720637255,0.606936416,tbg,2.441,3679.97,0.583165725,1167002,562.1396917
SILVERTIP 76-7 UNIT A 5H,246,2062,1036.88,100,2.741254613,0.605722599,tbg,2.441,3662.12,0.5763431,1169064,566.9563531
SILVERTIP 76-7 UNIT A 5H,247,2053,1039.38,100,2.780049566,0.606916707,tbg,2.441,3654.17,0.572555275,1171117,570.4417925
SILVERTIP 76-7 UNIT A 5H,248,2042,1040,100,2.787627965,0.607737512,tbg,2.441,3651.8,0.569111356,1173159,574.5146915
SILVERTIP 76-7 UNIT A 5H,249,2030,1041.25,100,2.792386935,0.607881773,tbg,2.441,3649.49,0.565402912,1175189,578.9108374
SILVERTIP 76-7 UNIT A 5H,250,2022,1030,100,2.799050633,0.609297725,tbg,2.441,3629.42,0.560044094,1177211,582.2012859
SILVERTIP 76-7 UNIT A 5H,251,2012,1031.88,100,2.79878327,0.607852883,tbg,2.441,3626.43,0.556813213,1179223,586.0949304
SILVERTIP 76-7 UNIT A 5H,252,2002,1033.13,100,2.813738796,0.60989011,tbg,2.441,3626.07,0.553990558,1181225,590.0224775
SILVERTIP 76-7 UNIT A 5H,253,1983,1028.75,100,2.88873057,0.610690872,tbg,2.441,3591.53,0.543537848,1183208,596.6757438
SILVERTIP 76-7 UNIT A 5H,254,1975,1029.38,100,2.913865435,0.616202532,tbg,2.441,3596.29,0.542052279,1185183,600.0926582
SILVERTIP 76-7 UNIT A 5H,255,1966,1025,100,2.901571995,0.614954222,tbg,2.441,3587.02,0.538212838,1187149,603.8397762
SILVERTIP 76-7 UNIT A 5H,256,1958,1028.13,100,2.912490066,0.614402451,tbg,2.441,3585.43,0.535789537,1189107,607.3069459
SILVERTIP 76-7 UNIT A 5H,257,1945,1024.38,100,2.92218035,0.617994859,tbg,2.441,3581.45,0.531653182,1191052,612.3660668
SILVERTIP 76-7 UNIT A 5H,258,1942,1008.13,100,2.909505348,0.614830072,tbg,2.441,3548.63,0.526113318,1192994,614.3120494
SILVERTIP 76-7 UNIT A 5H,259,1942,1003.13,100,2.99302139,0.614830072,tbg,2.441,3514.64,0.521312892,1194936,615.3120494
SILVERTIP 76-7 UNIT A 5H,260,1935,1000.63,100,2.985087248,0.61498708,tbg,2.441,3511.06,0.518935097,1196871,618.5379845
SILVERTIP 76-7 UNIT A 5H,261,1929,999.38,100,3.020296896,0.615863142,tbg,2.441,3499.07,0.515667855,1198800,621.4618974
SILVERTIP 76-7 UNIT A 5H,262,1915,1020.63,100,2.955733696,0.615665796,tbg,2.441,3550.65,0.519082728,1200715,627.0052219
SILVERTIP 76-7 UNIT A 5H,263,1898,1021.25,100,2.917070151,0.616965227,tbg,2.441,3562.33,0.516108682,1202613,633.6211802
SILVERTIP 76-7 UNIT A 5H,264,1891,1020,100,2.919449036,0.61607615,tbg,2.441,3555.24,0.513215781,1204504,636.9666843
SILVERTIP 76-7 UNIT A 5H,265,1886,1020,100,2.59432133,0.617179215,tbg,2.441,3670.13,0.528332754,1206390,639.6553552
SILVERTIP 76-7 UNIT A 5H,266,1887,991.88,100,2.456869806,0.617382088,tbg,2.441,3675.51,0.529410775,1208277,640.3163752
SILVERTIP 76-7 UNIT A 5H,267,1884,903.13,100,2.514022191,0.617303609,tbg,2.441,3491.48,0.502618471,1210161,642.3359873
SILVERTIP 76-7 UNIT A 5H,268,1900,1023.75,100,2.580884354,0.613157895,tbg,2.441,3674.34,0.532883094,1212061,637.9268421
SILVERTIP 76-7 UNIT A 5H,269,1874,1011.25,100,2.521253482,0.616862327,tbg,2.441,3679.6,0.52636753,1213935,647.7774813
SILVERTIP 76-7 UNIT A 5H,270,1861,1024.38,100,2.489124294,0.619559377,tbg,2.441,3720.53,0.528795335,1215796,653.3025255
SILVERTIP 76-7 UNIT A 5H,271,1854,1030,100,2.508526912,0.619201726,tbg,2.441,3720.1,0.526741956,1217650,656.7691478
SILVERTIP 76-7 UNIT A 5H,272,1849,1028.13,100,2.515900709,0.618712818,tbg,2.441,3711.28,0.524008309,1219499,659.5451595
SILVERTIP 76-7 UNIT A 5H,273,1842,1026.88,100,2.54235378,0.619435396,tbg,2.441,3698.92,0.52020232,1221341,663.0515744
SILVERTIP 76-7 UNIT A 5H,274,1833,1023.13,100,2.560359195,0.620294599,tbg,2.441,3685.49,0.515704656,1223174,667.3071468
SILVERTIP 76-7 UNIT A 5H,275,1828,1023.75,100,2.565353535,0.620897155,tbg,2.441,3685.15,0.514248741,1225002,670.1323851
SILVERTIP 76-7 UNIT A 5H,276,1822,1022.5,100,2.556883117,0.619648738,tbg,2.441,3681.47,0.512030756,1226824,673.3391877
SILVERTIP 76-7 UNIT A 5H,277,1663,983.75,100,2.588112,0.624173181,tbg,2.441,3576.79,0.453992018,1228487,738.7173782
SILVERTIP 76-7 UNIT A 5H,278,1609,1001.88,100,2.572251223,0.619018024,tbg,2.441,3590.51,0.440901642,1230096,764.5096333
SILVERTIP 76-7 UNIT A 5H,279,1839,1003.75,100,2.558466948,0.613376835,tbg,2.441,3633.71,0.509963562,1231935,669.8939641
SILVERTIP 76-7 UNIT A 5H,280,1805,1016.25,100,2.506753623,0.617728532,tbg,2.441,3681.41,0.507244748,1233740,683.5124654
SILVERTIP 76-7 UNIT A 5H,281,1793,1016.88,100,2.526817518,0.617958728,tbg,2.441,3672.39,0.502598487,1235533,689.087005
SILVERTIP 76-7 UNIT A 5H,282,1499,1008.13,100,2.560089445,0.627084723,tbg,2.441,3610.35,0.413004546,1237032,825.2381588
SILVERTIP 76-7 UNIT A 5H,283,1796,1011.25,100,2.636900149,0.626391982,tbg,2.441,3643.06,0.499334128,1238828,689.7706013
SILVERTIP 76-7 UNIT A 5H,284,1783,1012.5,100,2.549090909,0.623667975,tbg,2.441,3669.39,0.499375431,1240611,695.7997757
SILVERTIP 76-7 UNIT A 5H,285,1775,1010.63,100,2.565620329,0.623098592,tbg,2.441,3656.02,0.495280189,1242386,699.9357746
SILVERTIP 76-7 UNIT A 5H,286,1768,1019.38,100,2.581823617,0.621606335,tbg,2.441,3659.56,0.493814747,1244154,703.7070136
SILVERTIP 76-7 UNIT A 5H,287,1756,1020.63,100,2.602337858,0.622437358,tbg,2.441,3653.39,0.48961929,1245910,709.5159453
SILVERTIP 76-7 UNIT A 5H,288,1751,1022.5,100,2.607280967,0.621930326,tbg,2.441,3652.3,0.488076821,1247661,712.541976
SILVERTIP 76-7 UNIT A 5H,289,1688,1008.75,100,2.609858934,0.622037915,tbg,2.441,3613.08,0.465427915,1249349,740.1356635
SILVERTIP 76-7 UNIT A 5H,290,1736,1012.5,100,2.616590563,0.621543779,tbg,2.441,3626.2,0.480400703,1251085,720.6710829
SILVERTIP 76-7 UNIT A 5H,291,1730,1012.5,100,2.610427481,0.621387283,tbg,2.441,3626.87,0.478829111,1252815,724.1705202
SILVERTIP 76-7 UNIT A 5H,292,1724,1010,100,2.635990783,0.622389791,tbg,2.441,3613.79,0.47544718,1254539,727.6908353
SILVERTIP 76-7 UNIT A 5H,293,1718,1011.88,100,2.626702619,0.622235157,tbg,2.441,3619.11,0.47448864,1256257,731.2322468
SILVERTIP 76-7 UNIT A 5H,294,1703,1001.88,100,2.537634409,0.617733412,tbg,2.441,3620.79,0.47056418,1257960,738.6729301
SILVERTIP 76-7 UNIT A 5H,295,1718,1005,100,2.589724771,0.619324796,tbg,2.441,3613.05,0.47369582,1259678,733.2235157
SILVERTIP 76-7 UNIT A 5H,296,1705,1039.38,100,2.5832,0.618768328,tbg,2.441,3673.84,0.478125412,1261383,739.8140762
SILVERTIP 76-7 UNIT A 5H,297,1516,1060,100,2.605913043,0.620712401,tbg,2.441,3670.99,0.424785506,1262899,833.0468338
SILVERTIP 76-7 UNIT A 5H,298,1731,1046.25,100,2.659863636,0.618717504,tbg,2.441,3661.09,0.483687087,1264630,730.5777008
SILVERTIP 76-7 UNIT A 5H,299,1698,1046.25,100,2.622430769,0.617196702,tbg,2.441,3664.55,0.474925181,1266328,745.7762073
SILVERTIP 76-7 UNIT A 5H,300,1694,1046.25,100,2.639583333,0.617473436,tbg,2.441,3657.65,0.472893752,1268022,748.5371901
SILVERTIP 76-7 UNIT A 5H,301,1689,1046.88,100,2.668418605,0.618117229,tbg,2.441,3648.17,0.470253475,1269711,751.7531083
SILVERTIP 76-7 UNIT A 5H,302,1659,1045.63,100,2.602148499,0.618444846,tbg,2.441,3667.24,0.464366388,1271370,766.3471971
SILVERTIP 76-7 UNIT A 5H,303,1676,1043.75,100,2.601700468,0.617541766,tbg,2.441,3664.84,0.468809877,1273046,759.5739857
SILVERTIP 76-7 UNIT A 5H,304,1669,1041.88,100,2.61288854,0.618334332,tbg,2.441,3657.74,0.465926507,1274715,763.7597364
SILVERTIP 76-7 UNIT A 5H,305,1662,1041.25,100,2.630522152,0.619735259,tbg,2.441,3652.08,0.463240397,1276377,767.9765343
SILVERTIP 76-7 UNIT A 5H,306,1657,1039.38,100,2.633613312,0.61919131,tbg,2.441,3644.81,0.460912813,1278034,771.2939046
SILVERTIP 76-7 UNIT A 5H,307,1647,1035.63,100,2.646251994,0.619307832,tbg,2.441,3631.16,0.456398305,1279681,776.9769277
JANEY-81H,1,5192,2463.24,100,1.73172988,0.791795069,csg,6.094,6199.36,25.96,5192,1
JANEY-81H,3,6227,2335.09,100,1.73245614,0.743696804,csg,6.094,5936.2,13.44459798,11419,1.833788341
JANEY-81H,4,6825,2257.34,100,1.452,0.706959707,csg,6.094,5864.95,12.77109336,18244,2.673113553
JANEY-81H,5,7145,2170.76,100,1.505494505,0.6943317,csg,6.094,5723.15,10.56624421,25389,3.553393982
JANEY-81H,6,7616,2075.11,100,1.552380952,0.669117647,csg,6.094,5543.53,8.898963579,33005,4.333639706
JANEY-81H,7,8016,1980.26,100,1.594501718,0.673278443,csg,6.094,5430.35,8.27236045,41021,5.11739022
JANEY-81H,8,8195,1850.61,100,1.615122873,0.677242221,csg,6.094,5283.19,7.342071548,49216,6.005613179
JANEY-81H,9,9978,1667.68,100,1.811047389,0.667969533,csg,6.094,4964.23,6.952680245,59194,5.932451393
JANEY-81H,10,11571,1479.03,100,1.67961165,0.661740558,csg,6.094,4776.86,7.131587057,70765,6.115720335
JANEY-81H,11,12394,1323.74,100,1.501443696,0.664676456,csg,6.094,4674.82,7.186844028,83159,6.709617557
JANEY-81H,12,12577,1217.23,100,1.674418605,0.678619703,csg,6.094,4472.74,6.528012789,95736,7.611990141
JANEY-81H,13,12251,1124.56,100,1.604950024,0.657007591,csg,6.094,4312.58,5.870767402,107987,8.814545751
JANEY-81H,14,11710,1052.88,100,1.615849239,0.646541418,csg,6.094,4160.44,5.230200275,119697,10.22177626
JANEY-81H,15,11056,998.88,100,1.626295828,0.642275687,csg,6.094,4048.04,4.702039705,130753,11.82642909
JANEY-81H,16,10498,952.48,100,1.612175282,0.636978472,csg,6.094,3958.68,4.301260305,141251,13.45503906
JANEY-81H,17,9976,911.81,100,1.63234089,0.633019246,csg,6.094,3858.21,3.925781634,151227,15.1590818
JANEY-81H,18,9547,876.39,100,1.666194389,0.630355085,csg,6.094,3757.72,3.614042792,160774,16.84026396
JANEY-81H,19,9153,845,100,1.664335664,0.62504097,csg,6.094,3678.2,3.363639036,169927,18.56516989
JANEY-81H,20,8751,817.02,100,1.660194175,0.623357331,csg,6.094,3618.59,3.146970084,178678,20.41800937
JANEY-81H,21,8477,783.75,100,1.699507389,0.616845582,csg,6.094,3496.68,2.920404592,187155,22.0779757
JANEY-81H,22,8578,749.09,100,1.636036036,0.611797622,csg,6.094,3457.33,2.915673871,195733,22.81802285
JANEY-81H,23,8466,723.06,100,1.617810761,0.618001417,csg,6.094,3434.59,2.855533482,204199,24.11989133
JANEY-81H,24,9143,700.84,100,1.742281879,0.674067593,csg,6.094,3492.24,3.145037013,213342,23.33391666
JANEY-81H,25,7518,679.62,100,1.716615698,0.608539505,csg,6.094,3220.37,2.36490206,220860,29.37749401
JANEY-81H,26,7574,659.66,100,1.675693748,0.605096382,csg,6.094,3194.63,2.363381627,228434,30.16028519
JANEY-81H,27,7259,642.57,100,1.677486188,0.601046976,csg,6.094,3136.05,2.224428571,235693,32.46907288
JANEY-81H,28,7028,626.74,100,1.695898161,0.597609562,csg,6.094,3068.49,2.10995926,242721,34.53628344
JANEY-81H,29,6341,611.98,100,1.867681499,0.595962782,csg,6.094,2883.09,1.803331371,249062,39.27803186
JANEY-81H,31,6229,585.23,100,1.868110236,0.592229892,csg,6.094,2797.04,1.729163428,255291,40.98426714
JANEY-81H,32,6292,573.01,100,1.823620224,0.588207247,csg,6.094,2785.09,1.740877134,261583,41.57390337
JANEY-81H,33,6272,560.26,100,1.829192547,0.589285714,csg,6.094,2748.82,1.718101979,267855,42.70647321
JANEY-81H,34,6103,549.09,100,1.663366337,0.586269048,csg,6.094,2845.66,1.717365,273958,44.88907095
JANEY-81H,35,5900,538.39,100,1.712078081,0.583220339,csg,6.094,2760.53,1.621400285,279858,47.43355932
JANEY-81H,37,5111,518.33,100,1.858073523,0.579534338,csg,6.094,2559.23,1.330944525,284969,55.75601644
JANEY-81H,38,5589,509.06,100,1.682033606,0.584719986,csg,6.094,2705.03,1.512858895,290558,51.9874754
JANEY-81H,39,5507,500.15,100,1.686188811,0.584528782,csg,6.094,2673.5,1.478048021,296065,53.76157618
JANEY-81H,40,5430,488.94,100,1.680709534,0.584714549,csg,6.094,2644.8,1.44624137,301495,55.52394107
JANEY-81H,43,5239,483.38,100,1.822761194,0.590761596,csg,6.094,2523.7,1.351769763,306734,58.54819622
JANEY-81H,44,5270,464.9,100,1.726325329,0.581214421,csg,6.094,2514.77,1.356642529,312004,59.20379507
JANEY-81H,45,5096,451.71,100,1.657808858,0.579081633,csg,6.094,2526.64,1.315871016,317100,62.22527473
JANEY-81H,46,4964,443.38,100,1.687052078,0.578364222,csg,6.094,2468.41,1.262799069,322064,64.87993554
JANEY-81H,47,4854,436.49,100,1.680767339,0.581170169,csg,6.094,2461.17,1.232545916,326918,67.35022662
JANEY-81H,48,4951,424.87,100,1.603960396,0.571601697,csg,6.094,2462.44,1.257582069,331869,67.03070087
JANEY-81H,49,5565,401.09,100,1.557049715,0.55902965,csg,6.094,2389.48,1.387822079,337434,60.63504043
JANEY-81H,50,5702,384.06,100,1.598721023,0.561206594,csg,6.094,2297.81,1.390206142,343136,60.17818309
JANEY-81H,51,5537,372.53,100,1.699244966,0.569441936,csg,6.094,2191.27,1.315798854,348673,62.97146469
JANEY-81H,52,5123,362.83,100,1.740178571,0.562756198,csg,6.094,2093.78,1.189851309,353796,69.06031622
JANEY-81H,53,5069,354.61,100,1.710310219,0.567567568,csg,6.094,2106.9,1.180907918,358865,70.79601499
JANEY-81H,54,5038,347.25,100,1.762234534,0.570067487,csg,6.094,2046.25,1.157333493,363903,72.23163954
JANEY-81H,55,4863,340.14,100,1.510371442,0.573719926,csg,6.094,2267.62,1.176985967,368766,75.83096854
JANEY-81H,56,4810,333.52,100,1.744364508,0.566528067,csg,6.094,1998.51,1.092970676,373576,77.66652807
JANEY-81H,57,4531,326.17,100,1.818686869,0.563010373,csg,6.094,1899.06,1.006821767,378107,83.44890753
JANEY-81H,58,4492,319.25,100,1.779652352,0.564559216,csg,6.094,1909.76,1.000534569,382599,85.17341941
JANEY-81H,59,4343,312.67,100,1.806656101,0.56412618,csg,6.094,1862.84,0.957341751,386942,89.09555607
JANEY-81H,60,4377,307.89,100,1.770120989,0.565684259,csg,6.094,1879.91,0.968480678,391319,89.4034727
JANEY-81H,61,4308,304.41,100,1.764612115,0.563138347,csg,6.094,1862.94,0.949647519,395627,91.83542247
JANEY-81H,62,4305,296.34,100,1.785289346,0.570499419,csg,6.094,1843.27,0.944889148,399932,92.89941928
JANEY-81H,63,4061,293.3,100,1.833426495,0.559468111,csg,6.094,1758.8,0.875109901,403993,99.48116228
JANEY-81H,64,4356,286.72,100,1.756071806,0.565197429,csg,6.094,1817,0.950601873,408349,93.74403122
JANEY-81H,65,3895,285.78,100,1.867173786,0.561232349,csg,6.094,1712.3,0.831011338,412244,105.8392811
JANEY-81H,66,3901,281.05,100,1.866316404,0.560881825,csg,6.094,1696.62,0.82951641,416145,106.6764932
JANEY-81H,67,4042,276.67,100,1.759352317,0.556902524,csg,6.094,1748.02,0.868996891,420187,103.9552202
JANEY-81H,68,3747,282.43,100,1.868038741,0.559113958,csg,6.094,1690.91,0.79580329,423934,113.1395783
JANEY-81H,69,4664,309.52,100,1.605451937,0.551672384,csg,6.094,1983.49,1.056190513,428598,91.89493997
JANEY-81H,70,4745,273.72,100,2.234072676,0.553424658,csg,6.094,1489.92,0.966505345,433343,91.32623815
JANEY-81H,71,4350,251.96,100,2.10812209,0.555632184,csg,6.094,1475.13,0.883386844,437693,100.6190805
JANEY-81H,72,4294,241.13,100,1.936416185,0.556823475,csg,6.094,1528.5,0.881569168,441987,102.9312995
JANEY-81H,73,4095,238.2,100,1.896118097,0.553357753,csg,6.094,1527.02,0.840458589,446082,108.9333333
JANEY-81H,74,4094,229.56,100,1.906732892,0.557401075,csg,6.094,1504.26,0.836346551,450176,109.9599414
JANEY-81H,75,3949,228,100,1.952191235,0.555077235,csg,6.094,1464.9,0.800290204,454125,114.9974677
JANEY-81H,76,3643,225,100,2.079061149,0.555586055,csg,6.094,1386.34,0.726707653,457768,125.6568762
JANEY-81H,77,3540,222,100,2.111949686,0.550847458,csg,6.094,1349.7,0.701037298,461308,130.3129944
JANEY-81H,78,3865,220,100,1.619271445,0.559637775,csg,6.094,1662.15,0.815881078,465173,120.3552393
JANEY-81H,79,3217,217,100,2.035310734,0.559838359,csg,6.094,1376.17,0.640429687,468390,145.5983836
JANEY-81H,81,3604,214.53,100,1.904288378,0.553551609,csg,6.094,1432.96,0.725676546,471994,130.963929
JANEY-81H,82,3743,205.99,100,1.926711084,0.558909965,csg,6.094,1412.45,0.750564979,475737,127.1004542
JANEY-81H,83,3150,191.29,100,2.097941803,0.552698413,csg,6.094,1254.82,0.612299642,478887,152.027619
JANEY-81H,84,2884,183.38,100,1.998476771,0.544729542,csg,6.094,1244.09,0.559427537,481771,167.0495839
JANEY-81H,85,3209,175.94,100,1.822004205,0.555313182,csg,6.094,1343.03,0.634650033,484980,151.1311935
JANEY-81H,86,2866,170.92,100,1.781902552,0.548848569,csg,6.094,1318.57,0.564085506,487846,170.2184229
JANEY-81H,87,2965,169.36,100,1.630289532,0.545699831,csg,6.094,1404.16,0.593569827,490811,165.5349073
JANEY-81H,88,2807,168.16,100,1.76904571,0.555753473,csg,6.094,1330.59,0.553783265,493618,175.8525116
JANEY-81H,89,2903,165.72,100,1.652075472,0.543575611,csg,6.094,1368.39,0.577025902,496521,171.0372029
JANEY-81H,90,2804,170.33,100,1.584992343,0.534236805,csg,6.094,1403.1,0.561219792,499325,178.0759629
JANEY-81H,91,2625,161.89,100,1.827919227,0.566095238,csg,6.094,1292.36,0.514000392,501950,191.2190476
JANEY-81H,92,2692,165.12,100,1.522783761,0.551634473,csg,6.094,1473.7,0.546525745,504642,187.4598811
JANEY-81H,93,2517,173.93,100,1.685454545,0.562971792,csg,6.094,1409.45,0.504417915,507159,201.4934446
JANEY-81H,94,2936,189.03,100,1.555725191,0.553814714,csg,6.094,1553.78,0.605913018,510095,173.738079
JANEY-81H,95,3175,196.26,100,1.796415771,0.560629921,csg,6.094,1437.22,0.639844906,513270,161.6598425
JANEY-81H,96,3606,215.55,100,1.757881463,0.560177482,csg,6.094,1540.28,0.742115791,516876,143.3377704
JANEY-81H,97,3181,211.87,100,2.346484935,0.561773027,csg,6.094,1243.99,0.617026518,520057,163.4885256
JANEY-81H,98,3452,201.62,100,2.174899866,0.566048667,csg,6.094,1294.49,0.676217024,523509,151.6538239
JANEY-81H,99,2969,188.8,100,2.555555556,0.572583361,csg,6.094,1133.76,0.563848374,526478,177.3250253
JANEY-81H,100,2892,173.98,100,2.494556765,0.555325035,csg,6.094,1079.49,0.543622307,529370,183.0463347
JANEY-81H,101,2803,165.9,100,1.981981982,0.564395291,csg,6.094,1234.32,0.542686988,532173,189.858366
JANEY-81H,102,2769,163.09,100,1.89270746,0.569158541,csg,6.094,1276.72,0.540541596,534942,193.1895991
JANEY-81H,104,2727,157.57,100,1.781896552,0.574624129,csg,6.094,1330.01,0.537938789,537669,197.1650165
JANEY-81H,105,2338,155.24,100,2.069742489,0.601368691,csg,6.094,1220.99,0.451493424,540007,230.9696322
JANEY-81H,106,2576,151.71,100,1.860058309,0.600543478,csg,6.094,1326.01,0.507751289,542583,210.6300466
JANEY-81H,107,2115,111.97,100,2.070093458,0.595271868,csg,6.094,1041.65,0.394758208,544698,257.5404255
JANEY-81H,112,667,998.53,100,0.166666667,0.55922039,tbg,2.441,4925.74,0.452626864,545365,817.6386807
JANEY-81H,113,1821,1002.29,100,1.445292621,0.568369028,tbg,2.441,4078.4,0.784589136,547186,300.4865459
JANEY-81H,114,1637,1004.69,100,1.166666667,0.549175321,tbg,2.441,4225.63,0.75308341,548823,335.2614539
JANEY-81H,115,1697,993.24,100,1.510316369,0.571596936,tbg,2.441,4008.65,0.709830971,550520,324.4077784
JANEY-81H,117,1708,991.58,100,1.465587045,0.566159251,tbg,2.441,4025.51,0.719506287,552228,323.3185012
JANEY-81H,118,1623,991.15,100,1.5625,0.566235367,tbg,2.441,3944.15,0.661043251,553851,341.2513863
