AUTOMATION_NAME,API_NO14,Flowback DateTime,Days Online,Hours Online,Hours Producing,Days Producing,PROD_OIL_HR,PROD_WTR_HR,TOTAL_GAS,GAS_24HR,Choke1,Choke2,TBG_PRESS,CSG_PRESS,PROD_SAND,PROD_SAND_VOL,CHLORIDES_PPM,DHG_PRES,HGDRN_BRWN_FBHP,BEGGS_BRILL_FBHP,PETEX2_FBHP,PETEX5_FBHP,FBHP,Gradient,Oil PI,Liquid PI,INITIAL_PRESSURE,date_number,new_date,FORMATION,COLOR,PROP
COOPER5W-15H,4.24E+13,43468.66667,0.083333333,2,1,0.041666667,0,97,0,0,20,,0,2995,N,0,0,7209.09,7612.6,7618.1,7612.7,7612.6,7486,0,0,9.312,7736,43468,1/3/2019,WCA,blue,BP
COOPER5W-15H,4.24E+13,43468.70833,0.125,3,2,0.083333333,0,121,0,0,20,,0,3055,N,0,0,7191.39,7674.9,7680.4,7675,7674.9,7468,0,0,10.8358209,7736,43468,1/3/2019,WCA,blue,BP
COOPER5W-15H,4.24E+13,43468.75,0.166666667,4,3,0.125,0,128,130,130,20,,0,3125,N,0,0,7204.6,7746.1,7751.6,7746.1,7746.1,7482,0,0,12.09448819,7736,43468,1/3/2019,WCA,blue,BP
COOPER5W-15H,4.24E+13,43468.79167,0.208333333,5,4,0.166666667,0,130,130,130,20,,0,3055,N,0,0,7204.11,7675.8,7681.3,7675.9,7675.8,7481,0,0,12.23529412,7736,43468,1/3/2019,WCA,blue,BP
COOPER5W-15H,4.24E+13,43468.83333,0.25,6,5,0.208333333,0,90,80,80,22,,0,3005,N,0,0,7195.27,7622.3,7627.8,7622.3,7622.3,7472,0,0,8.181818182,7736,43468,1/3/2019,WCA,blue,BP
COOPER5W-15H,4.24E+13,43468.875,0.291666667,7,6,0.25,4,107,645,645,22,,0,2980,N,0,0,7176.17,7274.5,7300.1,7331.4,7274.5,7453,0,0.339222615,9.413427562,7736,43468,1/3/2019,WCA,blue,BP
COOPER5W-15H,4.24E+13,43468.91667,0.333333333,8,7,0.291666667,5,128,448,448,22,,0,3035,N,0,0,7164.77,7428.1,7424.8,7469.3,7428.1,7442,0,0.408163265,10.85714286,7736,43468,1/3/2019,WCA,blue,BP
COOPER5W-15H,4.24E+13,43468.95833,0.375,9,8,0.333333333,12,114,733,733,22,,0,3065,N,0,0,7159.3,7264.7,7262.8,7345.9,7264.8,7436,0,0.96,10.08,7736,43468,1/3/2019,WCA,blue,BP
COOPER5W-15H,4.24E+13,43469,0.416666667,10,9,0.375,14,98,576,576,22,,0,3060,N,0,0,7158.57,7263.9,7270.4,7355.9,7263.9,7435,0,1.11627907,8.930232558,7736,43469,1/4/2019,WCA,blue,BP
COOPER5W-15H,4.24E+13,43469.04167,0.458333333,11,10,0.416666667,12,97,732,732,22,,0,3045,N,0,0,7153.87,7189.8,7203.5,7286.2,7189.8,7431,0,0.944262295,8.57704918,7736,43469,1/4/2019,WCA,blue,BP
COOPER5W-15H,4.24E+13,43469.08333,0.5,12,11,0.458333333,14,106,811,811,22,,0,3040,N,0,0,7149.99,7173.1,7175,7264.4,7173.1,7427,0,1.087378641,9.32038835,7736,43469,1/4/2019,WCA,blue,BP
COOPER5W-15H,4.24E+13,43469.125,0.541666667,13,12,0.5,12,97,764,764,22,,0,3040,N,0,0,7145.89,7172.9,7187.7,7269.3,7172.9,7423,0,0.920127796,8.357827476,7736,43469,1/4/2019,WCA,blue,BP
COOPER5W-15H,4.24E+13,43469.16667,0.583333333,14,13,0.541666667,13,102,433,433,22,,0,3040,N,0,0,7141.68,7331.8,7337.2,7410.1,7331.8,7419,0,0.984227129,8.706624606,7736,43469,1/4/2019,WCA,blue,BP
COOPER5W-15H,4.24E+13,43469.20833,0.625,15,14,0.583333333,14,105,873,873,22,,0,3045,N,0,0,7137.47,7152.6,7154.6,7245,7152.6,7414,0,1.043478261,8.869565217,7736,43469,1/4/2019,WCA,blue,BP
COOPER5W-15H,4.24E+13,43469.25,0.666666667,16,15,0.625,15,104,775,775,22,,0,3040,N,0,0,7132.9,7174.2,7177.2,7267.5,7174.2,7410,0,1.104294479,8.760736196,7736,43469,1/4/2019,WCA,blue,BP
COOPER5W-15H,4.24E+13,43469.29167,0.708333333,17,16,0.666666667,14,109,649,649,22,,0,3045,N,0,0,7128.86,7251.3,7254,7336.6,7251.4,7406,0,1.018181818,8.945454545,7736,43469,1/4/2019,WCA,blue,BP
COOPER5W-15H,4.24E+13,43469.33333,0.75,18,17,0.708333333,16,102,602,602,22,,0,3045,N,0,0,7124.74,7243.5,7248.2,7331.6,7243.5,7402,0,1.149700599,8.479041916,7736,43469,1/4/2019,WCA,blue,BP
COOPER5W-15H,4.24E+13,43469.375,0.791666667,19,18,0.75,16,97,653,653,22,,0,3045,N,0,0,7120.3,7202.1,7208,7297.5,7202.1,7397,0,1.132743363,8,7736,43469,1/4/2019,WCA,blue,BP
COOPER5W-15H,4.24E+13,43469.41667,0.833333333,20,19,0.791666667,17,107,527,527,22,,0,3045,N,0,0,7116.57,7293.1,7297.8,7371,7293.2,7393,0,1.189504373,8.67638484,7736,43469,1/4/2019,WCA,blue,BP
COOPER5W-15H,4.24E+13,43469.45833,0.875,21,20,0.833333333,15,105,709,709,22,,0,3045,N,0,0,7113.34,7209.3,7212.5,7300.1,7209.3,7390,0,1.040462428,8.323699422,7736,43469,1/4/2019,WCA,blue,BP
COOPER5W-15H,4.24E+13,43469.5,0.916666667,22,21,0.875,16,101,624,624,22,,0,3045,N,0,0,7109.89,7229.8,7234.6,7320,7229.8,7387,0,1.100286533,8.045845272,7736,43469,1/4/2019,WCA,blue,BP
COOPER5W-15H,4.24E+13,43469.54167,0.958333333,23,22,0.916666667,17,99,684,684,22,,0,3045,N,0,0,7106.51,7192.2,7197,7286.2,7192.2,7383,0,1.155807365,7.886685552,7736,43469,1/4/2019,WCA,blue,BP
COOPER5W-15H,4.24E+13,43469.58333,1,24,23,0.958333333,18,104,741,741,22,,0,3045,N,0,0,7103.33,7182.4,7184.9,7273.5,7182.4,7380,0,1.213483146,8.224719101,7736,43469,1/4/2019,WCA,blue,BP
COOPER5W-15H,4.24E+13,43469.625,1.041666667,25,24,1,17,101,679,679,22,,0,3045,N,0,0,7100.93,7201.7,7206,7293.7,7201.7,7378,0,1.139664804,7.910614525,7736,43469,1/4/2019,WCA,blue,BP
COOPER5W-15H,4.24E+13,43469.66667,1.083333333,26,25,1.041666667,19,96,749,749,22,,0,3045,N,0,0,7063.07,7146.3,7150.9,7243.3,7146.3,7340,0,1.151515152,6.96969697,7736,43469,1/4/2019,WCA,blue,BP
COOPER5W-15H,4.24E+13,43469.70833,1.125,27,26,1.083333333,31,191,1080,1080,26,,0,3035,N,0,0,7024.41,7261.1,7260.9,7312.1,7261.1,7301,0,1.710344828,12.24827586,7736,43469,1/4/2019,WCA,blue,BP
COOPER5W-15H,4.24E+13,43469.75,1.166666667,28,27,1.125,37,197,956,956,26,,0,3030,N,0,0,7008.33,7298.1,7302.9,7341.8,7298.1,7285,0,1.968957871,12.45232816,7736,43469,1/4/2019,WCA,blue,BP
COOPER5W-15H,4.24E+13,43469.79167,1.208333333,29,28,1.166666667,43,178,1134,1134,26,,0,3010,N,0,0,6996.77,7190.7,7195,7239.1,7190.7,7274,0,2.233766234,11.48051948,7736,43469,1/4/2019,WCA,blue,BP
COOPER5W-15H,4.24E+13,43469.83333,1.25,30,29,1.208333333,41,177,1043,1043,26,,0,3000,N,0,0,6987.38,7204.4,7209,7252.3,7204.4,7264,0,2.084745763,11.08474576,7736,43469,1/4/2019,WCA,blue,BP
COOPER5W-15H,4.24E+13,43469.875,1.291666667,31,30,1.25,45,185,1076,1076,26,,0,2990,Y,0.25,0,6977.8,7200.1,7205,7244.6,7200,7255,0,2.245322245,11.47609148,7736,43469,1/4/2019,WCA,blue,BP
COOPER5W-15H,4.24E+13,43469.91667,1.333333333,32,31,1.291666667,44,184,1132,1132,26,,0,2980,Y,0.25,0,6969.87,7173,7177.6,7219.6,7173.1,7247,0,2.159509202,11.19018405,7736,43469,1/4/2019,WCA,blue,BP
COOPER5W-15H,4.24E+13,43469.95833,1.375,33,32,1.333333333,46,179,1098,1098,26,,0,2975,Y,0.25,0,6961.97,7166.6,7171.5,7212.2,7166.6,7239,0,2.221327968,10.86519115,7736,43469,1/4/2019,WCA,blue,BP
COOPER5W-15H,4.24E+13,43470,1.416666667,34,33,1.375,45,184,1125,1125,26,,0,2970,Y,0.25,0,6954.48,7164.6,7169.3,7210.4,7164.6,7231,0,2.138613861,10.88316832,7736,43470,1/5/2019,WCA,blue,BP
COOPER5W-15H,4.24E+13,43470.04167,1.458333333,35,34,1.416666667,43,180,1007,1007,26,,0,2965,Y,0.25,24268,6947.34,7184.5,7189.5,7229.7,7184.5,7224,0,2.015625,10.453125,7736,43470,1/5/2019,WCA,blue,BP
COOPER5W-15H,4.24E+13,43470.08333,1.5,36,35,1.458333333,44,183,889,889,26,,0,2960,Y,0.25,24268,6940.65,7217.4,7222.4,7258.4,7217.4,7218,0,2.038610039,10.51737452,7736,43470,1/5/2019,WCA,blue,BP
COOPER5W-15H,4.24E+13,43470.125,1.541666667,37,36,1.5,46,181,987,987,26,,0,2955,Y,0.5,24268,6934.16,7180.7,7185.7,7223.4,7180.7,7211,0,2.102857143,10.37714286,7736,43470,1/5/2019,WCA,blue,BP
COOPER5W-15H,4.24E+13,43470.16667,1.583333333,38,37,1.541666667,45,179,1102,1102,26,,0,2955,Y,0.5,24268,6929.15,7145.5,7150.2,7191.8,7145.5,7206,0,2.037735849,10.14339623,7736,43470,1/5/2019,WCA,blue,BP
COOPER5W-15H,4.24E+13,43470.20833,1.625,39,38,1.583333333,44,183,1067,1067,26,,0,2950,Y,0.5,24268,6922.7,7158.3,7163.1,7203.7,7158.3,7200,0,1.970149254,10.1641791,7736,43470,1/5/2019,WCA,blue,BP
COOPER5W-15H,4.24E+13,43470.25,1.666666667,40,39,1.625,46,178,1005,1005,26,,0,2950,Y,0.5,24268,6917.48,7164.8,7169.8,7208.5,7164.8,7194,0,2.036900369,9.918819188,7736,43470,1/5/2019,WCA,blue,BP
COOPER5W-15H,4.24E+13,43470.29167,1.708333333,41,40,1.666666667,45,175,1132,1132,26,,0,2945,Y,0.5,24268,6912,7118.6,7123.2,7166.4,7118.6,7189,0,1.97440585,9.652650823,7736,43470,1/5/2019,WCA,blue,BP
COOPER5W-15H,4.24E+13,43470.33333,1.75,42,41,1.708333333,47,173,1097,1097,26,,0,2945,Y,0.5,24268,6906.62,7123.7,7128.6,7169.9,7123.7,7184,0,2.043478261,9.565217391,7736,43470,1/5/2019,WCA,blue,BP
COOPER5W-15H,4.24E+13,43470.375,1.791666667,43,42,1.75,48,176,1067,1067,26,,0,2940,Y,0.5,24268,6900.76,7133,7137.9,7177.3,7133,7178,0,2.064516129,9.634408602,7736,43470,1/5/2019,WCA,blue,BP
COOPER5W-15H,4.24E+13,43470.41667,1.833333333,44,43,1.791666667,48,174,1127,1127,26,,0,2940,Y,0.5,24268,6895.25,7112.3,7117.2,7158.3,7112.3,7172,0,2.042553191,9.446808511,7736,43470,1/5/2019,WCA,blue,BP
COOPER5W-15H,4.24E+13,43470.45833,1.875,45,44,1.833333333,52,193,1244,1244,26,18,0,2940,Y,0.5,24268,6879.75,7120.5,7125.4,7163,7120.6,7157,0,2.155440415,10.15544041,7736,43470,1/5/2019,WCA,blue,BP
COOPER5W-15H,4.24E+13,43470.5,1.916666667,46,45,1.875,58,215,1461,1461,26,20,0,2880,Y,1,24268,6824.59,7051.5,7055.8,7091,7051.5,7101,0,2.192125984,10.31811024,7736,43470,1/5/2019,WCA,blue,BP
COOPER5W-15H,4.24E+13,43470.54167,1.958333333,47,46,1.916666667,97,248,1826,1826,26,20,0,2850,Y,1,24268,6805.05,7014.6,7019.5,7041.5,7014.6,7082,0,3.559633028,12.66055046,7736,43470,1/5/2019,WCA,blue,BP
COOPER5W-15H,4.24E+13,43470.58333,2,48,47,1.958333333,82,251,1421,1421,26,20,0,2840,Y,1.5,24268,6793.97,7078.9,7083.9,7106.3,7078.9,7071,0,2.959398496,12.01804511,7736,43470,1/5/2019,WCA,blue,BP
COOPER5W-15H,4.24E+13,43470.625,2.041666667,49,48,2,68,252,1249,1249,26,20,0,2835,Y,1.5,24268,6783.36,7110.4,7115.4,7139.5,7110.4,7060,0,2.414201183,11.36094675,7736,43470,1/5/2019,WCA,blue,BP
COOPER5W-15H,4.24E+13,43470.66667,2.083333333,50,49,2.041666667,66,258,1382,1382,26,20,0,2825,Y,1.5,24268,6772.28,7084.5,7089.5,7115.2,7084.5,7049,0,2.305676856,11.31877729,7736,43470,1/5/2019,WCA,blue,BP
COOPER5W-15H,4.24E+13,43470.70833,2.125,51,50,2.083333333,69,253,1189,1189,26,20,0,2815,Y,1.5,24268,6761.94,7102.6,7107.6,7130.7,7102.6,7039,0,2.3758967,11.08751793,7736,43470,1/5/2019,WCA,blue,BP
COOPER5W-15H,4.24E+13,43470.75,2.166666667,52,51,2.125,66,251,1264,1264,26,20,0,2810,Y,1.5,24268,6751.14,7081.3,7086.3,7111.3,7081.3,7028,0,2.237288136,10.74576271,7736,43470,1/5/2019,WCA,blue,BP
COOPER5W-15H,4.24E+13,43470.79167,2.208333333,53,52,2.166666667,68,253,1311,1311,26,20,0,2805,Y,1.5,24268,6740.68,7069.8,7074.8,7099.6,7069.8,7018,0,2.272980501,10.72980501,7736,43470,1/5/2019,WCA,blue,BP
COOPER5W-15H,4.24E+13,43470.83333,2.25,54,53,2.208333333,67,255,1265,1265,26,20,0,2800,Y,1.5,24268,6731.74,7076.7,7081.7,7106,7076.7,7009,0,2.211829436,10.62998624,7736,43470,1/5/2019,WCA,blue,BP
COOPER5W-15H,4.24E+13,43470.875,2.291666667,55,54,2.25,68,248,1187,1187,26,20,0,2790,Y,1.5,24268,6724,7070.8,7075.8,7099.5,7070.8,7001,0,2.220408163,10.31836735,7736,43470,1/5/2019,WCA,blue,BP
COOPER5W-15H,4.24E+13,43470.91667,2.333333333,56,55,2.291666667,66,247,1332,1332,26,20,0,2785,Y,1.5,24268,6716.77,7036.7,7041.7,7067.9,7036.7,6994,0,2.134770889,10.12398922,7736,43470,1/5/2019,WCA,blue,BP
COOPER5W-15H,4.24E+13,43470.95833,2.375,57,56,2.333333333,66,251,1247,1247,26,20,0,2780,Y,1.5,24268,6708.29,7054.3,7059.3,7084,7054.3,6985,0,2.10918775,10.13049268,7736,43470,1/5/2019,WCA,blue,BP
COOPER5W-15H,4.24E+13,43471,2.416666667,58,57,2.375,65,249,1146,1146,26,20,0,2775,Y,1.5,24268,6699.97,7066.2,7071.2,7095.1,7066.2,6977,0,2.055335968,9.928853755,7736,43471,1/6/2019,WCA,blue,BP
COOPER5W-15H,4.24E+13,43471.04167,2.458333333,59,58,2.416666667,66,247,1253,1253,26,20,0,2770,Y,1.5,24268,6693.7,7036.9,7042,7067.2,7037,6971,0,2.070588235,9.819607843,7736,43471,1/6/2019,WCA,blue,BP
COOPER5W-15H,4.24E+13,43471.08333,2.5,60,59,2.458333333,67,245,1153,1153,26,20,0,2765,Y,1.5,24268,6686.22,7048,7053.1,7076.9,7048,6963,0,2.080206986,9.686934023,7736,43471,1/6/2019,WCA,blue,BP
COOPER5W-15H,4.24E+13,43471.125,2.541666667,61,60,2.5,67,246,1115,1115,26,20,0,2765,Y,1.5,24268,6677.99,7056.9,7061.9,7085.1,7056.9,6955,0,2.058898848,9.6184379,7736,43471,1/6/2019,WCA,blue,BP
COOPER5W-15H,4.24E+13,43471.16667,2.583333333,62,61,2.541666667,71,247,1458,1458,26,20,0,2755,Y,1.5,24268,6670.64,6981.3,6986.3,7012.4,6981.3,6948,0,2.162436548,9.685279188,7736,43471,1/6/2019,WCA,blue,BP
COOPER5W-15H,4.24E+13,43471.20833,2.625,63,62,2.583333333,65,253,1229,1229,26,20,0,2750,Y,1.5,24268,6664.03,7030.7,7035.7,7060.3,7030.7,6941,0,1.962264151,9.6,7736,43471,1/6/2019,WCA,blue,BP
COOPER5W-15H,4.24E+13,43471.25,2.666666667,64,63,2.625,69,251,1326,1326,26,20,0,2745,Y,1.5,24268,6656.86,7003,7007.9,7032.8,7003,6934,0,2.064837905,9.57605985,7736,43471,1/6/2019,WCA,blue,BP
COOPER5W-15H,4.24E+13,43471.29167,2.708333333,65,64,2.666666667,70,249,1403,1403,26,20,0,2740,Y,1.5,24268,6649.15,6979.9,6984.9,7010.6,6979.9,6926,0,2.074074074,9.451851852,7736,43471,1/6/2019,WCA,blue,BP
COOPER5W-15H,4.24E+13,43471.33333,2.75,66,65,2.708333333,69,247,1258,1258,26,20,0,2735,Y,1.5,24268,6641.43,6999.7,7004.7,7029.1,6999.7,6918,0,2.024449878,9.271393643,7736,43471,1/6/2019,WCA,blue,BP
COOPER5W-15H,4.24E+13,43471.375,2.791666667,67,66,2.75,69,245,1397,1397,26,20,0,2725,Y,1.5,24268,6635.15,6959.6,6964.6,6990.9,6959.6,6912,0,2.009708738,9.145631068,7736,43471,1/6/2019,WCA,blue,BP
COOPER5W-15H,4.24E+13,43471.41667,2.833333333,68,67,2.791666667,68,247,1409,1409,26,20,0,2720,Y,1.5,24268,6628,6955.6,6960.5,6987.1,6955.6,6905,0,1.963898917,9.097472924,7736,43471,1/6/2019,WCA,blue,BP
COOPER5W-15H,4.24E+13,43471.45833,2.875,69,68,2.833333333,70,245,1253,1253,26,20,0,2720,Y,1.5,24268,6621.35,6982.2,6987.2,7011.4,6982.2,6898,0,2.00477327,9.021479714,7736,43471,1/6/2019,WCA,blue,BP
COOPER5W-15H,4.24E+13,43471.5,2.916666667,70,69,2.875,69,242,1298,1298,26,20,0,2715,Y,1.5,24268,6594.41,6964,6969,6994.4,6964,6871,0,1.914450867,8.628901734,7736,43471,1/6/2019,WCA,blue,BP
COOPER5W-15H,4.24E+13,43471.54167,2.958333333,71,70,2.916666667,104,319,2130,2130,26,26,0,2650,Y,1.5,24268,6543.27,6881.4,6886.4,6905.3,6881.4,6820,0,2.72489083,11.08296943,7736,43471,1/6/2019,WCA,blue,BP
COOPER5W-15H,4.24E+13,43471.58333,3,72,71,2.958333333,109,310,3102,3102,26,26,0,2630,Y,1.5,24268,6526.24,6715.2,6740.9,6742.3,6715.2,6803,0,2.803858521,10.77813505,7736,43471,1/6/2019,WCA,blue,BP
COOPER5W-15H,4.24E+13,43471.625,3.041666667,73,72,3,81,291,2160,2160,26,26,0,2620,Y,1.5,24268,6512.2,6794.8,6808.1,6825.2,6794.8,6789,0,2.05279831,9.427666315,7736,43471,1/6/2019,WCA,blue,BP
COOPER5W-15H,4.24E+13,43471.66667,3.083333333,74,73,3.041666667,87,285,2592,2592,26,26,0,2610,Y,1.5,24268,6500.39,6708.7,6724.9,6740,6708.7,6777,0,2.177267987,9.309697602,7736,43471,1/6/2019,WCA,blue,BP
COOPER5W-15H,4.24E+13,43471.70833,3.125,75,74,3.083333333,82,294,2278,2278,26,26,0,2600,Y,1.5,24268,6488.2,6760.8,6778,6791.4,6760.9,6765,0,2.026776519,9.293511843,7736,43471,1/6/2019,WCA,blue,BP
COOPER5W-15H,4.24E+13,43471.75,3.166666667,76,75,3.125,84,289,2369,2369,26,26,0,2590,Y,1.5,24268,6476.58,6728.6,6744,6759.5,6728.6,6753,0,2.0508647,9.10681587,7736,43471,1/6/2019,WCA,blue,BP
COOPER5W-15H,4.24E+13,43471.79167,3.208333333,77,76,3.166666667,88,295,2231,2231,26,26,0,2585,Y,1.5,24268,6467.28,6757.3,6771.6,6786.2,6757.3,6744,0,2.129032258,9.266129032,7736,43471,1/6/2019,WCA,blue,BP
COOPER5W-15H,4.24E+13,43471.83333,3.25,78,77,3.208333333,85,298,2310,2310,26,26,0,2575,Y,1.5,24268,6456.34,6738.3,6758.5,6768,6738.3,6733,0,2.033898305,9.164506481,7736,43471,1/6/2019,WCA,blue,BP
COOPER5W-15H,4.24E+13,43471.875,3.291666667,79,78,3.25,86,294,2156,2156,26,26,0,2565,Y,1.5,24268,6446.62,6746.2,6760.2,6775.2,6746.3,6724,0,2.039525692,9.011857708,7736,43471,1/6/2019,WCA,blue,BP
COOPER5W-15H,4.24E+13,43471.91667,3.333333333,80,79,3.291666667,84,298,2289,2289,26,26,0,2560,Y,1.5,24268,6437.19,6725.8,6746.6,6755.6,6725.8,6714,0,1.97260274,8.970645793,7736,43471,1/6/2019,WCA,blue,BP
COOPER5W-15H,4.24E+13,43471.95833,3.375,81,80,3.333333333,87,296,2186,2186,26,26,0,2555,Y,1.5,24268,6427.9,6734.9,6749.4,6763.7,6735,6705,0,2.025218235,8.915615907,7736,43471,1/6/2019,WCA,blue,BP
COOPER5W-15H,4.24E+13,43472,3.416666667,82,81,3.375,88,298,2035,2035,26,26,0,2550,Y,1.5,24268,6418.79,6757.2,6766.8,6784.8,6757.2,6696,0,2.030769231,8.907692308,7736,43472,1/7/2019,WCA,blue,BP
COOPER5W-15H,4.24E+13,43472.04167,3.458333333,83,82,3.416666667,89,302,2153,2153,26,26,0,2545,Y,1.5,24268,6408.66,6740.3,6752.6,6768.2,6740.4,6686,0,2.034285714,8.937142857,7736,43472,1/7/2019,WCA,blue,BP
COOPER5W-15H,4.24E+13,43472.08333,3.5,84,83,3.458333333,88,299,2096,2096,26,26,0,2540,Y,1.5,24268,6400.29,6739,6750.4,6766.9,6739,6677,0,1.994334278,8.770538244,7736,43472,1/7/2019,WCA,blue,BP
COOPER5W-15H,4.24E+13,43472.125,3.541666667,85,84,3.5,87,303,2255,2255,26,26,0,2535,Y,1.5,24268,6391.07,6715.1,6732.6,6743.8,6715.1,6668,0,1.95505618,8.764044944,7736,43472,1/7/2019,WCA,blue,BP
COOPER5W-15H,4.24E+13,43472.16667,3.583333333,86,85,3.541666667,86,298,2341,2341,26,26,0,2530,Y,1.5,24268,6382.14,6687.9,6710.1,6717.5,6687.9,6659,0,1.91643454,8.557103064,7736,43472,1/7/2019,WCA,blue,BP
COOPER5W-15H,4.24E+13,43472.20833,3.625,87,86,3.583333333,89,300,2189,2189,26,26,0,2520,Y,1.5,24268,6372.62,6706,6720.1,6734.1,6706,6650,0,1.966850829,8.596685083,7736,43472,1/7/2019,WCA,blue,BP
COOPER5W-15H,4.24E+13,43472.25,3.666666667,88,87,3.625,88,301,2210,2210,26,26,0,2510,Y,1.5,24268,6365.47,6693.7,6709.6,6722.1,6693.8,6642,0,1.930530165,8.533820841,7736,43472,1/7/2019,WCA,blue,BP
COOPER5W-15H,4.24E+13,43472.29167,3.708333333,89,88,3.666666667,90,294,2109,2109,26,26,0,2500,Y,1.5,24268,6356.87,6688.9,6700.5,6716.7,6688.9,6634,0,1.960072595,8.362976407,7736,43472,1/7/2019,WCA,blue,BP
COOPER5W-15H,4.24E+13,43472.33333,3.75,90,89,3.708333333,92,291,2386,2386,26,26,0,2595,Y,1.5,24268,6348.87,6738.6,6754.7,6767.6,6738.6,6626,0,1.989189189,8.281081081,7736,43472,1/7/2019,WCA,blue,BP
COOPER5W-15H,4.24E+13,43472.375,3.791666667,91,90,3.75,91,285,2275,2275,26,26,0,2590,Y,1.5,24268,6340.65,6740,6753.6,6769.1,6740.1,6618,0,1.953488372,8.071556351,7736,43472,1/7/2019,WCA,blue,BP
COOPER5W-15H,4.24E+13,43472.41667,3.833333333,92,91,3.791666667,91,282,2381,2381,26,26,0,2585,Y,1.5,24268,6332.88,6713.1,6730.3,6742.8,6713.1,6610,0,1.939609236,7.95026643,7736,43472,1/7/2019,WCA,blue,BP
COOPER5W-15H,4.24E+13,43472.45833,3.875,93,92,3.833333333,92,279,2264,2264,26,26,0,2580,Y,1.5,24268,6324.96,6721.7,6734.5,6750.8,6721.8,6602,0,1.947089947,7.851851852,7736,43472,1/7/2019,WCA,blue,BP
COOPER5W-15H,4.24E+13,43472.5,3.916666667,94,93,3.875,93,277,2304,2304,26,26,0,2475,Y,1.5,24268,6316.97,6605,6618.2,6634.1,6605,6594,0,1.954465849,7.775831874,7736,43472,1/7/2019,WCA,blue,BP
COOPER5W-15H,4.24E+13,43472.54167,3.958333333,95,94,3.916666667,93,275,2592,2592,26,26,0,2470,Y,1.5,24268,6309.26,6550.3,6562.3,6580.7,6550.4,6586,0,1.940869565,7.68,7736,43472,1/7/2019,WCA,blue,BP
COOPER5W-15H,4.24E+13,43472.58333,4,96,95,3.958333333,95,273,2421,2421,26,26,0,2465,Y,1.5,24268,6301.47,6570,6582.4,6599.3,6570,6578,0,1.968911917,7.626943005,7736,43472,1/7/2019,WCA,blue,BP
COOPER5W-15H,4.24E+13,43472.625,4.041666667,97,96,4,97,273,2283,2283,26,26,0,2460,Y,1.5,24268,6293.76,6588,6601.5,6616.3,6588,6571,0,1.998283262,7.622317597,7736,43472,1/7/2019,WCA,blue,BP
COOPER5W-15H,4.24E+13,43472.66667,4.083333333,98,97,4.041666667,96,271,3172,3172,26,26,0,2455,Y,1.5,24268,6286.22,6439.6,6448.6,6471,6439.7,6563,0,1.964194373,7.508951407,7736,43472,1/7/2019,WCA,blue,BP
COOPER5W-15H,4.24E+13,43472.70833,4.125,99,98,4.083333333,97,269,2493,2493,26,26,0,2450,Y,1.5,24268,6278.82,6537,6550.6,6566.3,6537,6556,0,1.972881356,7.444067797,7736,43472,1/7/2019,WCA,blue,BP
COOPER5W-15H,4.24E+13,43472.75,4.166666667,100,99,4.125,97,266,3327,3327,26,26,0,2445,Y,1.5,24268,6271.16,6396.5,6405.4,6428,6396.6,6548,0,1.95959596,7.333333333,7736,43472,1/7/2019,WCA,blue,BP
COOPER5W-15H,4.24E+13,43472.79167,4.208333333,101,100,4.166666667,98,274,2689,2689,26,26,0,2440,Y,1.5,24268,6263.95,6505.8,6521.5,6535.3,6505.8,6541,0,1.968200837,7.471129707,7736,43472,1/7/2019,WCA,blue,BP
COOPER5W-15H,4.24E+13,43472.83333,4.25,102,101,4.208333333,105,285,2554,2554,28,28,0,2400,Y,1.5,24268,6227.1,6510,6528.8,6537,6510,6504,0,2.045454545,7.597402597,7736,43472,1/7/2019,WCA,blue,BP
COOPER5W-15H,4.24E+13,43472.875,4.291666667,103,102,4.25,108,289,2810,2810,28,28,0,2385,Y,1.5,24268,6205.65,6465.6,6492.7,6492.7,6465.7,6483,0,2.068635275,7.60415004,7736,43472,1/7/2019,WCA,blue,BP
COOPER5W-15H,4.24E+13,43472.91667,4.333333333,104,103,4.291666667,107,291,2439,2439,28,28,0,2375,Y,1.5,24268,6192.48,6513.1,6527.4,6539.1,6513.2,6469,0,2.026835043,7.539068666,7736,43472,1/7/2019,WCA,blue,BP
COOPER5W-15H,4.24E+13,43472.95833,4.375,105,104,4.333333333,106,288,2503,2503,28,28,0,2370,Y,1.5,24268,6181.83,6492.7,6510,6519.2,6492.8,6459,0,1.992169146,7.404855129,7736,43472,1/7/2019,WCA,blue,BP
COOPER5W-15H,4.24E+13,43473,4.416666667,106,105,4.375,107,290,2647,2647,28,28,0,2365,Y,1.5,24268,6171.06,6470.2,6492.3,6496.9,6470.2,6448,0,1.99378882,7.397515528,7736,43473,1/8/2019,WCA,blue,BP
COOPER5W-15H,4.24E+13,43473.04167,4.458333333,107,106,4.416666667,102,292,2483,2483,28,28,0,2360,Y,1.5,24268,6160.65,6490.1,6510.1,6517.1,6490.1,6438,0,1.885978428,7.285053929,7736,43473,1/8/2019,WCA,blue,BP
COOPER5W-15H,4.24E+13,43473.08333,4.5,108,107,4.458333333,98,286,2555,2555,28,28,0,2350,Y,1.5,24268,6151.14,6455.8,6473.9,6484.2,6455.8,6428,0,1.798165138,7.04587156,7736,43473,1/8/2019,WCA,blue,BP
COOPER5W-15H,4.24E+13,43473.125,4.541666667,109,108,4.5,101,294,2661,2661,28,28,0,2345,Y,1.5,24268,6141.43,6450.5,6474.8,6478.3,6450.6,6418,0,1.839150228,7.192716237,7736,43473,1/8/2019,WCA,blue,BP
COOPER5W-15H,4.24E+13,43473.16667,4.583333333,110,109,4.541666667,99,289,2531,2531,28,28,0,2335,Y,1.5,24268,6131.54,6450,6471.2,6477.9,6450,6408,0,1.789156627,7.012048193,7736,43473,1/8/2019,WCA,blue,BP
COOPER5W-15H,4.24E+13,43473.20833,4.625,111,110,4.583333333,100,292,2690,2690,28,28,0,2325,Y,1.5,24268,6121.94,6421.2,6443.7,6449.4,6421.3,6399,0,1.795063575,7.036649215,7736,43473,1/8/2019,WCA,blue,BP
COOPER5W-15H,4.24E+13,43473.25,4.666666667,112,111,4.625,97,287,2884,2884,28,28,0,2320,Y,1.5,24268,6114.32,6375,6394.3,6404.5,6375.1,6391,0,1.730855019,6.85204461,7736,43473,1/8/2019,WCA,blue,BP
COOPER5W-15H,4.24E+13,43473.29167,4.708333333,113,112,4.666666667,98,285,2739,2739,28,28,0,2310,Y,1.5,24268,6106.49,6384,6401.8,6413,6384.1,6383,0,1.738359202,6.793791574,7736,43473,1/8/2019,WCA,blue,BP
COOPER5W-15H,4.24E+13,43473.33333,4.75,114,113,4.708333333,98,281,2519,2519,28,28,0,2300,Y,1.5,24268,6051.18,6400.9,6415.5,6429.4,6400.9,6328,0,1.670454545,6.460227273,7736,43473,1/8/2019,WCA,blue,BP
COOPER5W-15H,4.24E+13,43473.375,4.791666667,115,114,4.75,140,365,3729,3729,32,32,0,2220,Y,1.5,24268,5982.08,6333,6374.7,6354.6,6333,6259,0,2.274881517,8.205822613,7736,43473,1/8/2019,WCA,blue,BP
COOPER5W-15H,4.24E+13,43473.41667,4.833333333,116,115,4.791666667,127,349,3108,3108,32,32,0,2160,Y,2,24268,5953.36,6308.7,6341.5,6331.1,6308.7,6230,0,2.023904382,7.585657371,7736,43473,1/8/2019,WCA,blue,BP
COOPER5W-15H,4.24E+13,43473.45833,4.875,117,116,4.833333333,118,344,2993,2993,32,32,0,2130,Y,2,24268,5930.09,6277.4,6316,6301,6277.5,6207,0,1.852190974,7.251798561,7736,43473,1/8/2019,WCA,blue,BP
COOPER5W-15H,4.24E+13,43473.5,4.916666667,118,117,4.875,110,340,2510,2510,32,32,0,2115,Y,2,24268,5910.58,6316.2,6340.8,6339.7,6316.3,6187,0,1.704325371,6.972240155,7736,43473,1/8/2019,WCA,blue,BP
COOPER5W-15H,4.24E+13,43473.54167,4.958333333,119,118,4.916666667,135,391,3629,3629,32,32,0,2100,Y,2,24268,5892.2,6257.1,6305,6278.4,6257.2,6169,0,2.067645182,8.056158264,7736,43473,1/8/2019,WCA,blue,BP
COOPER5W-15H,4.24E+13,43473.58333,5,120,119,4.958333333,145,384,4211,4211,32,32,0,2090,Y,2,24268,5874.7,6178.3,6238.6,6199.4,6178.4,6152,0,2.196969697,8.015151515,7736,43473,1/8/2019,WCA,blue,BP
COOPER5W-15H,4.24E+13,43473.625,5.041666667,121,120,5,148,378,3986,3986,32,32,0,2080,Y,2,24268,5859.13,6186,6236.8,6206.6,6186.1,6136,0,2.22,7.89,7736,43473,1/8/2019,WCA,blue,BP
COOPER5W-15H,4.24E+13,43473.66667,5.083333333,122,121,5.041666667,141,374,3502,3502,32,32,0,2070,Y,2,24268,5842.63,6218.4,6259.1,6239.2,6218.5,6120,0,2.094059406,7.648514851,7736,43473,1/8/2019,WCA,blue,BP
COOPER5W-15H,4.24E+13,43473.70833,5.125,123,122,5.083333333,143,370,3831,3831,32,32,0,2060,Y,2,24268,5826.96,6164.3,6216.3,6185.4,6164.4,6104,0,2.102941176,7.544117647,7736,43473,1/8/2019,WCA,blue,BP
COOPER5W-15H,4.24E+13,43473.75,5.166666667,124,123,5.125,144,368,4079,4079,32,32,0,2050,Y,2,24268,5811.64,6120.9,6183.4,6143.7,6122.4,6089,0,2.098360656,7.460837887,7736,43473,1/8/2019,WCA,blue,BP
COOPER5W-15H,4.24E+13,43473.79167,5.208333333,125,124,5.166666667,139,364,3842,3842,32,32,0,2040,Y,2,24268,5796.64,6109.9,6188.2,6136.2,6113.1,6074,0,2.007220217,7.263537906,7736,43473,1/8/2019,WCA,blue,BP
COOPER5W-15H,4.24E+13,43473.83333,5.25,126,125,5.208333333,142,360,3690,3690,32,32,0,2035,Y,2,24268,5781.94,6120.4,6188.5,6144.9,6122,6059,0,2.032200358,7.184257603,7736,43473,1/8/2019,WCA,blue,BP
COOPER5W-15H,4.24E+13,43473.875,5.291666667,127,126,5.25,138,358,4120,4120,32,32,0,2015,Y,2,24268,5767.9,6031.7,6109.6,6061.6,6038.3,6045,0,1.958604376,7.039621526,7736,43473,1/8/2019,WCA,blue,BP
COOPER5W-15H,4.24E+13,43473.91667,5.333333333,128,127,5.291666667,141,364,3978,3978,32,32,0,1995,Y,2,24268,5753.61,6044,6124.7,6071.7,6048.9,6031,0,1.984750733,7.108504399,7736,43473,1/8/2019,WCA,blue,BP
COOPER5W-15H,4.24E+13,43473.95833,5.375,129,128,5.333333333,142,361,4012,4012,32,32,0,1985,Y,2,24268,5740.3,6024.7,6099.5,6052.4,6029.8,6017,0,1.982547993,7.022687609,7736,43473,1/8/2019,WCA,blue,BP
COOPER5W-15H,4.24E+13,43474,5.416666667,130,129,5.375,140,355,3945,3945,32,32,0,1965,Y,2,24268,5727.2,5998.5,6068.1,6026.5,6003.6,6004,0,1.939953811,6.859122402,7736,43474,1/9/2019,WCA,blue,BP
COOPER5W-15H,4.24E+13,43474.04167,5.458333333,131,130,5.416666667,139,359,4020,4020,32,32,0,1955,Y,2,24268,5714.78,5982.4,6058.5,6011.9,5989,5992,0,1.912844037,6.853211009,7736,43474,1/9/2019,WCA,blue,BP
COOPER5W-15H,4.24E+13,43474.08333,5.5,132,131,5.458333333,141,356,3888,3888,32,32,0,1950,Y,2,24268,5702.25,5992.6,6066.4,6020.4,5997.7,5979,0,1.926010245,6.788844622,7736,43474,1/9/2019,WCA,blue,BP
COOPER5W-15H,4.24E+13,43474.125,5.541666667,133,132,5.5,140,358,3562,3562,32,32,0,1945,Y,2,24268,5689.9,6035.2,6106.9,6059.7,6037.1,5967,0,1.89937818,6.756359525,7736,43474,1/9/2019,WCA,blue,BP
COOPER5W-15H,4.24E+13,43474.16667,5.583333333,134,133,5.541666667,141,355,3703,3703,32,32,0,1935,Y,2,24268,5677.67,6000.4,6072.6,6026.5,6003.7,5955,0,1.900056148,6.683885458,7736,43474,1/9/2019,WCA,blue,BP
COOPER5W-15H,4.24E+13,43474.20833,5.625,135,134,5.583333333,140,357,3910,3910,32,32,0,1930,Y,2,24268,5665.95,5967.1,6038.9,5996.5,5973.8,5943,0,1.873954267,6.652537646,7736,43474,1/9/2019,WCA,blue,BP
COOPER5W-15H,4.24E+13,43474.25,5.666666667,136,135,5.625,141,358,3840,3840,32,32,0,1920,Y,2,24268,5654.87,5969.9,6043.5,5997.6,5975.1,5932,0,1.875831486,6.638580931,7736,43474,1/9/2019,WCA,blue,BP
COOPER5W-15H,4.24E+13,43474.29167,5.708333333,137,136,5.666666667,140,352,4162,4162,32,32,0,1910,Y,2,24268,5643.03,5922.6,5995.6,5950.5,5929.1,5920,0,1.850220264,6.502202643,7736,43474,1/9/2019,WCA,blue,BP
COOPER5W-15H,4.24E+13,43474.33333,5.75,138,137,5.708333333,142,354,3862,3862,34,34,0,1890,Y,2,24268,5611,5947.7,6018.6,5972.1,5951,5888,0,1.844155844,6.441558442,7736,43474,1/9/2019,WCA,blue,BP
COOPER5W-15H,4.24E+13,43474.375,5.791666667,139,138,5.75,151,348,3997,3997,34,34,0,1860,Y,2,24268,5578.21,5898,5967.7,5921.6,5901.3,5855,0,1.926634769,6.366826156,7736,43474,1/9/2019,WCA,blue,BP
COOPER5W-15H,4.24E+13,43474.41667,5.833333333,140,139,5.791666667,149,352,4093,4093,34,34,0,1830,Y,2,24268,5561.51,5856.7,5928.3,5882,5861.8,5838,0,1.884088514,6.335089568,7736,43474,1/9/2019,WCA,blue,BP
COOPER5W-15H,4.24E+13,43474.45833,5.875,141,140,5.833333333,143,350,4277,4277,34,34,0,1815,Y,2,24268,5547.2,5802.3,5878.3,5831.5,5810.8,5824,0,1.794979079,6.188284519,7736,43474,1/9/2019,WCA,blue,BP
COOPER5W-15H,4.24E+13,43474.5,5.916666667,142,141,5.875,146,350,4168,4168,34,34,0,1805,Y,2,24268,5533.08,5810.7,5885.3,5838,5817.5,5810,0,1.819314642,6.180685358,7736,43474,1/9/2019,WCA,blue,BP
COOPER5W-15H,4.24E+13,43474.54167,5.958333333,143,142,5.916666667,145,347,3859,3859,34,34,0,1805,Y,2,24268,5519.66,5845.5,5914.5,5871.1,5850.5,5797,0,1.794739556,6.089736978,7736,43474,1/9/2019,WCA,blue,BP
COOPER5W-15H,4.24E+13,43474.58333,6,144,143,5.958333333,143,345,4027,4027,34,34,0,1800,Y,2,24268,5506.78,5810.5,5883.7,5838,5817.2,5784,0,1.758196721,6,7736,43474,1/9/2019,WCA,blue,BP
COOPER5W-15H,4.24E+13,43474.625,6.041666667,145,144,6,140,346,4113,4113,34,34,0,1800,Y,2,24268,5494.75,5795.6,5870.1,5825,5803.9,5772,0,1.710794297,5.938900204,7736,43474,1/9/2019,WCA,blue,BP
COOPER5W-15H,4.24E+13,43474.66667,6.083333333,146,145,6.041666667,143,342,3726,3726,34,34,0,1800,Y,2,24268,5482.94,5847.8,5912.8,5872,5851.2,5760,0,1.736842105,5.890688259,7736,43474,1/9/2019,WCA,blue,BP
COOPER5W-15H,4.24E+13,43474.70833,6.125,147,146,6.083333333,140,345,3592,3592,34,34,0,1755,Y,2,24268,5470.69,5818.6,5884.1,5842.9,5822.1,5748,0,1.690140845,5.855130785,7736,43474,1/9/2019,WCA,blue,BP
COOPER5W-15H,4.24E+13,43474.75,6.166666667,148,147,6.125,142,343,3984,3984,34,34,0,1755,Y,2,24268,5458.53,5761.5,5830.6,5789.2,5768.4,5735,0,1.703148426,5.817091454,7736,43474,1/9/2019,WCA,blue,BP
COOPER5W-15H,4.24E+13,43474.79167,6.208333333,149,148,6.166666667,141,339,3856,3856,34,34,0,1750,Y,2,24268,5447.85,5764.7,5830.2,5792.3,5771.5,5725,0,1.682744903,5.728493287,7736,43474,1/9/2019,WCA,blue,BP
COOPER5W-15H,4.24E+13,43474.83333,6.25,150,149,6.208333333,144,340,3551,3551,34,34,0,1745,Y,2,24268,5436.19,5809.1,5869.7,5832.9,5812.5,5713,0,1.70835393,5.741967375,7736,43474,1/9/2019,WCA,blue,BP
COOPER5W-15H,4.24E+13,43474.875,6.291666667,151,150,6.25,142,337,3449,3449,34,34,0,1740,Y,2,24268,5424.9,5811.6,5868.9,5834.1,5813.5,5702,0,1.675516224,5.651917404,7736,43474,1/9/2019,WCA,blue,BP
COOPER5W-15H,4.24E+13,43474.91667,6.333333333,152,151,6.291666667,143,335,3809,3809,34,34,0,1735,Y,2,24268,5412.67,5749.8,5812.5,5777.2,5756.6,5690,0,1.677419355,5.607038123,7736,43474,1/9/2019,WCA,blue,BP
COOPER5W-15H,4.24E+13,43474.95833,6.375,153,152,6.333333333,142,333,3623,3623,34,34,0,1725,Y,2,24268,5402.08,5761.1,5823.5,5786.9,5766.2,5679,0,1.656781721,5.542051531,7736,43474,1/9/2019,WCA,blue,BP
COOPER5W-15H,4.24E+13,43475,6.416666667,154,153,6.375,143,337,3745,3745,34,34,0,1715,Y,2,24268,5390.69,5741.7,5801.4,5767.5,5747,5668,0,1.659574468,5.570599613,7736,43475,1/10/2019,WCA,blue,BP
COOPER5W-15H,4.24E+13,43475.04167,6.458333333,155,154,6.416666667,142,335,3564,3564,34,34,0,1700,Y,2,24268,5380.47,5745.5,5806.9,5771.2,5750.6,5657,0,1.639249639,5.506493506,7736,43475,1/10/2019,WCA,blue,BP
COOPER5W-15H,4.24E+13,43475.08333,6.5,156,155,6.458333333,141,330,3843,3843,34,34,0,1690,Y,2,24268,5369.88,5681.7,5746.5,5711,5690.4,5647,0,1.619913834,5.411201532,7736,43475,1/10/2019,WCA,blue,BP
COOPER5W-15H,4.24E+13,43475.125,6.541666667,157,156,6.5,142,334,3250,3250,34,34,0,1680,Y,2,24268,5359.57,5769,5822.1,5791.2,5770.8,5636,0,1.622857143,5.44,7736,43475,1/10/2019,WCA,blue,BP
COOPER5W-15H,4.24E+13,43475.16667,6.583333333,158,157,6.541666667,140,330,3397,3397,34,34,0,1675,Y,2,24268,5349.9,5732,5788.7,5756.2,5735.5,5627,0,1.593172119,5.348506401,7736,43475,1/10/2019,WCA,blue,BP
COOPER5W-15H,4.24E+13,43475.20833,6.625,159,158,6.583333333,142,329,3504,3504,34,34,0,1665,Y,2,24268,5339.53,5704.7,5759.3,5730.4,5709.9,5616,0,1.60754717,5.332075472,7736,43475,1/10/2019,WCA,blue,BP
COOPER5W-15H,4.24E+13,43475.25,6.666666667,160,159,6.625,140,331,3422,3422,34,34,0,1660,Y,2,24268,5329.95,5712.1,5772.7,5738,5717.3,5607,0,1.57820573,5.309534993,7736,43475,1/10/2019,WCA,blue,BP
COOPER5W-15H,4.24E+13,43475.29167,6.708333333,161,160,6.666666667,140,328,3729,3729,34,34,0,1645,Y,2,24268,5319.89,5642.6,5707.1,5671.9,5651.4,5597,0,1.570827489,5.251051893,7736,43475,1/10/2019,WCA,blue,BP
COOPER5W-15H,4.24E+13,43475.33333,6.75,162,161,6.708333333,139,330,3409,3409,34,34,0,1635,Y,2,24268,5308.46,5683.5,5739.1,5709.4,5688.8,5585,0,1.550906555,5.232914923,7736,43475,1/10/2019,WCA,blue,BP
COOPER5W-15H,4.24E+13,43475.375,6.791666667,163,162,6.75,153,372,3894,3894,38,38,0,1545,Y,2,24268,5227.77,5603.9,5678.2,5631.3,5612.7,5505,0,1.6458987,5.647691618,7736,43475,1/10/2019,WCA,blue,BP
COOPER5W-15H,4.24E+13,43475.41667,6.833333333,164,163,6.791666667,155,365,3671,3671,38,38,0,1540,Y,2,24268,5202.42,5621.8,5691,5645.7,5627.4,5479,0,1.648205583,5.52946389,7736,43475,1/10/2019,WCA,blue,BP
COOPER5W-15H,4.24E+13,43475.45833,6.875,165,164,6.833333333,152,367,4133,4133,38,38,0,1530,Y,2,24268,5184.02,5542.5,5616.4,5572,5553.5,5461,0,1.603516484,5.475164835,7736,43475,1/10/2019,WCA,blue,BP
COOPER5W-15H,4.24E+13,43475.5,6.916666667,166,165,6.875,154,344,3549,3549,38,38,0,1525,Y,2,24268,5169.24,5584.2,5645.6,5608.4,5589.8,5446,0,1.613973799,5.219213974,7736,43475,1/10/2019,WCA,blue,BP
COOPER5W-15H,4.24E+13,43475.54167,6.958333333,167,166,6.916666667,152,341,3793,3793,38,38,0,1515,Y,2,24268,5152.69,5527,5590.3,5554.9,5536.3,5430,0,1.581960104,5.130962706,7736,43475,1/10/2019,WCA,blue,BP
COOPER5W-15H,4.24E+13,43475.58333,7,168,167,6.958333333,151,338,3809,3809,38,38,0,1505,Y,2,24268,5138.87,5504.9,5572.6,5534.4,5515.7,5416,0,1.562068966,5.05862069,7736,43475,1/10/2019,WCA,blue,BP
COOPER5W-15H,4.24E+13,43475.625,7.041666667,169,168,7,153,336,3628,3628,38,38,0,1495,Y,2,24268,5125,5522,5585.3,5548,5529.4,5402,0,1.573264781,5.028277635,7736,43475,1/10/2019,WCA,blue,BP
COOPER5W-15H,4.24E+13,43475.66667,7.083333333,170,169,7.041666667,150,338,3492,3492,38,38,0,1485,Y,2,24268,5111.61,5530.3,5591,5556.4,5537.6,5389,0,1.533873029,4.990200256,7736,43475,1/10/2019,WCA,blue,BP
COOPER5W-15H,4.24E+13,43475.70833,7.125,171,170,7.083333333,152,335,3582,3582,38,38,0,1470,Y,2,24268,5098.48,5495.7,5554.1,5523.3,5504.7,5375,0,1.545108005,4.950444727,7736,43475,1/10/2019,WCA,blue,BP
COOPER5W-15H,4.24E+13,43475.75,7.166666667,172,171,7.125,150,333,3602,3602,38,38,0,1460,Y,2,24268,5086.02,5474.9,5537.2,5502.8,5484.1,5363,0,1.517067004,4.884955752,7736,43475,1/10/2019,WCA,blue,BP
COOPER5W-15H,4.24E+13,43475.79167,7.208333333,173,172,7.166666667,151,335,3779,3779,38,38,0,1455,Y,2,24268,5074.04,5446.1,5509.7,5475.8,5457.3,5351,0,1.519496855,4.890566038,7736,43475,1/10/2019,WCA,blue,BP
COOPER5W-15H,4.24E+13,43475.83333,7.25,174,173,7.208333333,149,329,3651,3651,38,38,0,1450,Y,2,24268,5061.96,5445.6,5506.5,5475.3,5456.7,5339,0,1.491864831,4.785982478,7736,43475,1/10/2019,WCA,blue,BP
COOPER5W-15H,4.24E+13,43475.875,7.291666667,175,174,7.25,152,333,3712,3712,38,38,0,1445,Y,2,24268,5049.7,5442.4,5502.9,5471.8,5453.5,5327,0,1.514321295,4.831880448,7736,43475,1/10/2019,WCA,blue,BP
COOPER5W-15H,4.24E+13,43475.91667,7.333333333,176,175,7.291666667,149,328,3803,3803,38,38,0,1440,Y,2,24268,5038.68,5407.3,5470.3,5438.8,5420.4,5316,0,1.47768595,4.730578512,7736,43475,1/10/2019,WCA,blue,BP
COOPER5W-15H,4.24E+13,43475.95833,7.375,177,176,7.333333333,150,331,3627,3627,38,38,0,1435,Y,2,24268,5027.56,5437.1,5497,5466.7,5448.3,5304,0,1.480263158,4.746710526,7736,43475,1/10/2019,WCA,blue,BP
COOPER5W-15H,4.24E+13,43476,7.416666667,178,177,7.375,151,332,3855,3855,38,38,0,1430,Y,2,24268,5015.43,5398.4,5461.9,5429.7,5411.5,5292,0,1.482815057,4.74304419,7736,43476,1/11/2019,WCA,blue,BP
COOPER5W-15H,4.24E+13,43476.04167,7.458333333,179,178,7.416666667,150,334,3258,3258,38,38,0,1425,Y,2,24268,5004.72,5492,5545.8,5516.3,5497.9,5282,0,1.466992665,4.733496333,7736,43476,1/11/2019,WCA,blue,BP
COOPER5W-15H,4.24E+13,43476.08333,7.5,180,179,7.458333333,149,332,3461,3461,38,38,0,1415,Y,2,24268,4993.37,5441.5,5502.3,5469.4,5450.9,5270,0,1.450121655,4.681265207,7736,43476,1/11/2019,WCA,blue,BP
COOPER5W-15H,4.24E+13,43476.125,7.541666667,181,180,7.5,150,331,3386,3386,38,38,0,1405,Y,2,24268,4983.08,5442.7,5498.4,5468.9,5450.5,5260,0,1.453957997,4.662358643,7736,43476,1/11/2019,WCA,blue,BP
COOPER5W-15H,4.24E+13,43476.16667,7.583333333,182,181,7.541666667,148,327,3679,3679,38,38,0,1395,Y,2,24268,4973.02,5370.5,5432.7,5402,5383.7,5250,0,1.428801287,4.585679807,7736,43476,1/11/2019,WCA,blue,BP
COOPER5W-15H,4.24E+13,43476.20833,7.625,183,182,7.583333333,151,332,3503,3503,38,38,0,1385,Y,2,24268,4962.21,5403.2,5458.8,5431,5412.9,5239,0,1.45134161,4.642370845,7736,43476,1/11/2019,WCA,blue,BP
COOPER5W-15H,4.24E+13,43476.25,7.666666667,184,183,7.625,148,330,3495,3495,38,38,0,1370,Y,2,24268,4952.45,5377.5,5438.9,5407.2,5389,5229,0,1.416832868,4.575987236,7736,43476,1/11/2019,WCA,blue,BP
COOPER5W-15H,4.24E+13,43476.29167,7.708333333,185,184,7.666666667,147,328,3392,3392,38,38,0,1360,Y,2,24268,4942.68,5378.7,5435.7,5406.9,5388.6,5220,0,1.402225755,4.53100159,7736,43476,1/11/2019,WCA,blue,BP
COOPER5W-15H,4.24E+13,43476.33333,7.75,186,185,7.708333333,148,333,3508,3508,38,38,0,1350,Y,2,24268,4932.56,5357.5,5420.8,5387.3,5369.2,5209,0,1.405619311,4.568262762,7736,43476,1/11/2019,WCA,blue,BP
COOPER5W-15H,4.24E+13,43476.375,7.791666667,187,186,7.75,148,327,3462,3462,38,38,0,1340,Y,2,24268,4922.67,5342.1,5397.2,5371.8,5353.8,5200,0,1.400630915,4.495268139,7736,43476,1/11/2019,WCA,blue,BP
COOPER5W-15H,4.24E+13,43476.41667,7.833333333,188,187,7.791666667,150,367,3928,3928,44,44,0,1335,Y,2,24268,4895.05,5337.2,5416.8,5370.1,5352.7,5172,0,1.404056162,4.839313573,7736,43476,1/11/2019,WCA,blue,BP
COOPER5W-15H,4.24E+13,43476.45833,7.875,189,188,7.833333333,162,364,4462,4462,44,44,0,1255,Y,2,24268,4807.49,5168.9,5247.7,5206.3,5190.6,5084,0,1.466063348,4.760180995,7736,43476,1/11/2019,WCA,blue,BP
COOPER5W-15H,4.24E+13,43476.5,7.916666667,190,189,7.875,159,355,4284,4284,44,44,0,1235,Y,2,24268,4783.05,5147.9,5226.1,5185.4,5169.7,5060,0,1.426008969,4.609865471,7736,43476,1/11/2019,WCA,blue,BP
COOPER5W-15H,4.24E+13,43476.54167,7.958333333,191,190,7.916666667,160,352,4482,4482,44,44,0,1225,Y,2,24268,4764.12,5098.6,5179.7,5137.9,5122.7,5041,0,1.424860853,4.559554731,7736,43476,1/11/2019,WCA,blue,BP
COOPER5W-15H,4.24E+13,43476.58333,8,192,191,7.958333333,159,347,3971,3971,44,44,0,1215,Y,2,24268,4748.59,5159.8,5232.3,5193.9,5178.2,5025,0,1.407598672,4.47952785,7736,43476,1/11/2019,WCA,blue,BP
COOPER5W-15H,4.24E+13,43476.625,8.041666667,193,192,8,157,345,4014,4014,44,44,0,1205,Y,2,24268,4733.26,5131.4,5203.2,5167.4,5151.7,5010,0,1.382245048,4.419662509,7736,43476,1/11/2019,WCA,blue,BP
COOPER5W-15H,4.24E+13,43476.66667,8.083333333,194,193,8.041666667,155,342,4728,4728,44,44,0,1195,Y,2,24268,4717.86,4984.6,5063.6,5029.6,5015.2,4995,0,1.357168916,4.351696461,7736,43476,1/11/2019,WCA,blue,BP
COOPER5W-15H,4.24E+13,43476.70833,8.125,195,194,8.083333333,154,338,3765,3765,44,44,0,1185,Y,2,24268,4703.83,5130.2,5195.3,5164.7,5148.9,4981,0,1.341560799,4.286025408,7736,43476,1/11/2019,WCA,blue,BP
COOPER5W-15H,4.24E+13,43476.75,8.166666667,196,195,8.125,155,333,4902,4902,44,44,0,1180,Y,2,24268,4691.24,4913.3,5000.6,4961.5,4947.8,4968,0,1.343930636,4.231213873,7736,43476,1/11/2019,WCA,blue,BP
COOPER5W-15H,4.24E+13,43476.79167,8.208333333,197,196,8.166666667,154,335,4729,4729,44,44,0,1170,Y,2,24268,4677.99,4932,5011.5,4978.7,4964.8,4955,0,1.329018339,4.220064725,7736,43476,1/11/2019,WCA,blue,BP
COOPER5W-15H,4.24E+13,43476.83333,8.25,198,197,8.208333333,152,331,4193,4193,44,44,0,1165,Y,2,24268,4665.61,5007.6,5081.5,5049.3,5034.4,4943,0,1.306122449,4.15037594,7736,43476,1/11/2019,WCA,blue,BP
COOPER5W-15H,4.24E+13,43476.875,8.291666667,199,198,8.25,152,330,3713,3713,44,44,0,1155,Y,2,24268,4653.32,5080.6,5143.3,5117,5101.4,4930,0,1.300071276,4.12259444,7736,43476,1/11/2019,WCA,blue,BP
COOPER5W-15H,4.24E+13,43476.91667,8.333333333,200,199,8.291666667,150,327,3964,3964,44,44,0,1145,Y,2,24268,4641.01,5010.5,5077,5050.8,5035.7,4918,0,1.277501774,4.062455642,7736,43476,1/11/2019,WCA,blue,BP
COOPER5W-15H,4.24E+13,43476.95833,8.375,201,200,8.333333333,148,325,4429,4429,44,44,0,1130,Y,2,24268,4628.36,4893.5,4972.8,4940.8,4927,4905,0,1.254680325,4.009890498,7736,43476,1/11/2019,WCA,blue,BP
COOPER5W-15H,4.24E+13,43477,8.416666667,202,201,8.375,149,321,4164,4164,44,44,0,1125,Y,2,24268,4616.86,4930.5,4999.9,4974.4,4960.1,4894,0,1.258268825,3.96903589,7736,43477,1/12/2019,WCA,blue,BP
COOPER5W-15H,4.24E+13,43477.04167,8.458333333,203,202,8.416666667,148,319,3864,3864,44,44,0,1120,Y,2,24268,4604.1,4975.1,5035.3,5015.7,5000.7,4881,0,1.2441331,3.925744308,7736,43477,1/12/2019,WCA,blue,BP
COOPER5W-15H,4.24E+13,43477.08333,8.5,204,203,8.458333333,148,316,3571,3571,44,44,0,1110,Y,2,24268,4593.04,5013.3,5071.7,5050.3,5034.9,4870,0,1.23935799,3.88555478,7736,43477,1/12/2019,WCA,blue,BP
COOPER5W-15H,4.24E+13,43477.125,8.541666667,205,204,8.5,149,318,3993,3993,44,44,0,1100,Y,2,24268,4582.22,4923.3,4985.6,4965.6,4951.2,4859,0,1.242961418,3.895724713,7736,43477,1/12/2019,WCA,blue,BP
COOPER5W-15H,4.24E+13,43477.16667,8.583333333,206,205,8.541666667,147,315,3912,3912,44,44,0,1095,Y,2,24268,4570.89,4920.9,4982.4,4963.4,4949,4848,0,1.221606648,3.83933518,7736,43477,1/12/2019,WCA,blue,BP
COOPER5W-15H,4.24E+13,43477.20833,8.625,207,206,8.583333333,145,312,4049,4049,44,44,0,1090,Y,2,24268,4560.22,4875.8,4942.9,4920.4,4906.4,4837,0,1.200413936,3.783373577,7736,43477,1/12/2019,WCA,blue,BP
COOPER5W-15H,4.24E+13,43477.25,8.666666667,208,207,8.625,146,311,3862,3862,44,44,0,1080,Y,2,24268,4549.51,4899.5,4961.7,4942.1,4927.8,4826,0,1.204123711,3.769072165,7736,43477,1/12/2019,WCA,blue,BP
COOPER5W-15H,4.24E+13,43477.29167,8.708333333,209,208,8.666666667,146,308,3773,3773,44,44,0,1075,Y,2,24268,4539.55,4903.4,4961.8,4946,4931.5,4816,0,1.2,3.731506849,7736,43477,1/12/2019,WCA,blue,BP
COOPER5W-15H,4.24E+13,43477.33333,8.75,210,209,8.708333333,145,305,3956,3956,44,44,0,1070,Y,2,24268,4529.26,4850.7,4909.2,4895.3,4881.5,4806,0,1.187713311,3.686006826,7736,43477,1/12/2019,WCA,blue,BP
COOPER5W-15H,4.24E+13,43477.375,8.791666667,211,210,8.75,146,301,3874,3874,44,44,0,1065,Y,2,24268,4518.79,4853.2,4914,4897.6,4883.7,4796,0,1.191836735,3.648979592,7736,43477,1/12/2019,WCA,blue,BP
COOPER5W-15H,4.24E+13,43477.41667,8.833333333,212,211,8.791666667,147,297,4021,4021,44,44,0,1060,Y,2,24268,4509.92,4809.1,4873.1,4855.2,4841.9,4787,0,1.196337742,3.613428281,7736,43477,1/12/2019,WCA,blue,BP
COOPER5W-15H,4.24E+13,43477.45833,8.875,213,212,8.833333333,146,299,3982,3982,44,44,0,1055,Y,2,24268,4499.88,4812.1,4875.3,4858.3,4844.9,4777,0,1.184183846,3.609327475,7736,43477,1/12/2019,WCA,blue,BP
COOPER5W-15H,4.24E+13,43477.5,8.916666667,214,213,8.875,145,296,3810,3810,44,44,0,1050,Y,2,24268,4490.32,4831.9,4885.8,4876.5,4862.7,4767,0,1.172111822,3.564836645,7736,43477,1/12/2019,WCA,blue,BP
COOPER5W-15H,4.24E+13,43477.54167,8.958333333,215,214,8.916666667,144,298,3556,3556,44,44,0,1050,Y,2,24268,4481.57,4888.4,4939.5,4929.6,4915.1,4758,0,1.16051041,3.56212223,7736,43477,1/12/2019,WCA,blue,BP
COOPER5W-15H,4.24E+13,43477.58333,9,216,215,8.958333333,145,301,3742,3742,44,44,0,1050,Y,2,24268,4472.71,4858.2,4912.8,4901.1,4887.1,4750,0,1.165438714,3.584728734,7736,43477,1/12/2019,WCA,blue,BP
COOPER5W-15H,4.24E+13,43477.625,9.041666667,217,216,9,143,299,3625,3625,44,44,0,1045,Y,2,24268,4464.4,4866.2,4917.2,4909.2,4894.9,4741,0,1.14590985,3.541903172,7736,43477,1/12/2019,WCA,blue,BP
COOPER5W-15H,4.24E+13,43477.66667,9.083333333,218,217,9.041666667,144,300,3498,3498,44,44,0,1040,Y,2,24268,4455.06,4891.1,4939.8,4932.3,4917.7,4732,0,1.150466045,3.547270306,7736,43477,1/12/2019,WCA,blue,BP
COOPER5W-15H,4.24E+13,43477.70833,9.125,219,218,9.083333333,143,302,3557,3557,44,44,0,1035,Y,2,24268,4446.71,4874.6,4928.2,4916,4901.6,4724,0,1.139442231,3.545816733,7736,43477,1/12/2019,WCA,blue,BP
COOPER5W-15H,4.24E+13,43477.75,9.166666667,220,219,9.125,142,298,3687,3687,44,44,0,1030,Y,2,24268,4437.94,4828.7,4879.6,4872,4858.2,4715,0,1.128103277,3.495531281,7736,43477,1/12/2019,WCA,blue,BP
COOPER5W-15H,4.24E+13,43477.79167,9.208333333,221,220,9.166666667,145,305,3895,3895,50,50,0,1020,Y,2,24268,4401.89,4792.2,4855.2,4838.5,4825.4,4679,0,1.138370952,3.532875368,7736,43477,1/12/2019,WCA,blue,BP
COOPER5W-15H,4.24E+13,43477.83333,9.25,222,221,9.208333333,151,304,3941,3941,50,50,0,1010,Y,2,24268,4345.7,4782.1,4847.4,4826.4,4813.6,4623,0,1.164150337,3.507870222,7736,43477,1/12/2019,WCA,blue,BP
COOPER5W-15H,4.24E+13,43477.875,9.291666667,223,222,9.25,148,299,4021,4021,50,50,0,990,Y,2,24268,4328.59,4716,4783.2,4764,4751.9,4605,0,1.134461833,3.426381348,7736,43477,1/12/2019,WCA,blue,BP
COOPER5W-15H,4.24E+13,43477.91667,9.333333333,224,223,9.291666667,151,301,3887,3887,50,50,0,975,Y,2,24268,4314.03,4735.3,4797.5,4781.3,4769,4591,0,1.152305246,3.449284579,7736,43477,1/12/2019,WCA,blue,BP
COOPER5W-15H,4.24E+13,43477.95833,9.375,225,224,9.333333333,149,302,4046,4046,50,50,0,945,Y,2,24268,4300.58,4655,4722.6,4703.4,4692.1,4577,0,1.132003799,3.42640076,7736,43477,1/12/2019,WCA,blue,BP
COOPER5W-15H,4.24E+13,43478,9.416666667,226,225,9.375,150,298,3955,3955,50,50,0,925,Y,2,24268,4289.3,4637.6,4709.4,4685.9,4674.9,4566,0,1.135646688,3.391798107,7736,43478,1/13/2019,WCA,blue,BP
COOPER5W-15H,4.24E+13,43478.04167,9.458333333,227,226,9.416666667,148,299,3774,3774,50,50,0,915,Y,2,24268,4278.78,4660.6,4722.6,4707.4,4695.9,4556,0,1.116981132,3.373584906,7736,43478,1/13/2019,WCA,blue,BP
COOPER5W-15H,4.24E+13,43478.08333,9.5,228,227,9.458333333,149,304,3602,3602,50,50,0,910,Y,2,24268,4268.42,4705.9,4767.5,4750.6,4738.5,4545,0,1.120651833,3.407082419,7736,43478,1/13/2019,WCA,blue,BP
COOPER5W-15H,4.24E+13,43478.125,9.541666667,229,228,9.5,147,298,3843,3843,50,50,0,905,Y,2,24268,4257.96,4624.5,4689.2,4673.2,4662.2,4535,0,1.102155576,3.336457357,7736,43478,1/13/2019,WCA,blue,BP
COOPER5W-15H,4.24E+13,43478.16667,9.583333333,230,229,9.541666667,146,301,3910,3910,50,50,0,900,Y,2,24268,4247.81,4605.5,4678.1,4656,4645.2,4525,0,1.091248832,3.34101526,7736,43478,1/13/2019,WCA,blue,BP
COOPER5W-15H,4.24E+13,43478.20833,9.625,231,230,9.583333333,148,303,3564,3564,50,50,0,895,Y,2,24268,4238.2,4687.9,4750.9,4732.9,4721,4515,0,1.102763117,3.360447066,7736,43478,1/13/2019,WCA,blue,BP
COOPER5W-15H,4.24E+13,43478.25,9.666666667,232,231,9.625,147,297,3803,3803,50,50,0,890,Y,2,24268,4228.76,4608.5,4673.4,4657.3,4646.5,4506,0,1.092260062,3.299071207,7736,43478,1/13/2019,WCA,blue,BP
COOPER5W-15H,4.24E+13,43478.29167,9.708333333,233,232,9.666666667,147,295,3649,3649,50,50,0,885,Y,2,24268,4218.96,4632.2,4692.9,4679.1,4667.9,4496,0,1.088888889,3.274074074,7736,43478,1/13/2019,WCA,blue,BP
COOPER5W-15H,4.24E+13,43478.33333,9.75,234,233,9.708333333,146,292,3982,3982,50,50,0,880,Y,2,24268,4210.22,4535.7,4607.8,4588.2,4578.3,4487,0,1.078485688,3.235457064,7736,43478,1/13/2019,WCA,blue,BP
COOPER5W-15H,4.24E+13,43478.375,9.791666667,235,234,9.75,144,290,3893,3893,50,50,0,875,Y,2,24268,4201.11,4537.6,4607.7,4590.2,4580.3,4478,0,1.060773481,3.197053407,7736,43478,1/13/2019,WCA,blue,BP
COOPER5W-15H,4.24E+13,43478.41667,9.833333333,236,235,9.791666667,145,287,3826,3826,50,50,0,870,Y,2,24268,4192.38,4541.9,4612.7,4592.9,4582.9,4469,0,1.065197429,3.173553719,7736,43478,1/13/2019,WCA,blue,BP
COOPER5W-15H,4.24E+13,43478.45833,9.875,237,236,9.833333333,144,285,3507,3507,50,50,0,865,Y,2,24268,4183.93,4603.9,4657,4651.4,4640.2,4461,0,1.055267176,3.143816794,7736,43478,1/13/2019,WCA,blue,BP
COOPER5W-15H,4.24E+13,43478.5,9.916666667,238,237,9.875,144,283,3764,3764,50,50,0,860,Y,2,24268,4175.43,4528.2,4591.8,4579.3,4569.4,4452,0,1.052375152,3.120584653,7736,43478,1/13/2019,WCA,blue,BP
COOPER5W-15H,4.24E+13,43478.54167,9.958333333,239,238,9.916666667,142,280,3529,3529,50,50,0,855,Y,1.5,24268,4167.36,4564.9,4619.8,4614.4,4603.7,4444,0,1.035236938,3.07654921,7736,43478,1/13/2019,WCA,blue,BP
COOPER5W-15H,4.24E+13,43478.58333,10,240,239,9.958333333,140,278,3369,3369,50,50,0,850,Y,1.5,24268,4159.27,4587.5,4639.6,4635.4,4624.3,4436,0,1.018181818,3.04,7736,43478,1/13/2019,WCA,blue,BP
COOPER5W-15H,4.24E+13,43478.625,10.04166667,241,240,10,139,275,3751,3751,50,50,0,850,Y,1.5,24268,4151.59,4479.7,4542.3,4533.2,4523.9,4428,0,1.008464329,3.00362757,7736,43478,1/13/2019,WCA,blue,BP
COOPER5W-15H,4.24E+13,43478.66667,10.08333333,242,241,10.04166667,137,271,3692,3692,50,50,0,845,Y,1.5,24268,4143.89,4470,4533.1,4523.8,4514.5,4421,0,0.991855204,2.953846154,7736,43478,1/13/2019,WCA,blue,BP
COOPER5W-15H,4.24E+13,43478.70833,10.125,243,242,10.08333333,135,267,3713,3713,50,50,0,840,Y,1.5,24268,4135.86,4438.7,4504.3,4494.6,4485.7,4413,0,0.97502257,2.903400542,7736,43478,1/13/2019,WCA,blue,BP
COOPER5W-15H,4.24E+13,43478.75,10.16666667,244,243,10.125,134,264,3722,3722,50,50,0,835,Y,1.5,24268,4128.26,4417.3,4481.3,4473.2,4464.9,4405,0,0.965475833,2.867607325,7736,43478,1/13/2019,WCA,blue,BP
COOPER5W-15H,4.24E+13,43478.79167,10.20833333,245,244,10.16666667,134,265,3401,3401,50,50,0,835,Y,1.5,24268,4120.84,4504.9,4557.2,4557.2,4547.1,4398,0,0.963451168,2.868783703,7736,43478,1/13/2019,WCA,blue,BP
COOPER5W-15H,4.24E+13,43478.83333,10.25,246,245,10.20833333,133,264,3583,3583,50,50,0,825,Y,1.5,24268,4113.2,4433.7,4495.9,4489.7,4480.8,4390,0,0.953974895,2.847579199,7736,43478,1/13/2019,WCA,blue,BP
COOPER5W-15H,4.24E+13,43478.875,10.29166667,247,246,10.25,131,262,3627,3627,50,50,0,825,Y,1.5,24268,4105.67,4410.7,4469,4467.1,4458.8,4383,0,0.93766776,2.813003281,7736,43478,1/13/2019,WCA,blue,BP
COOPER5W-15H,4.24E+13,43478.91667,10.33333333,248,247,10.29166667,133,260,3395,3395,50,50,0,820,Y,1.5,24268,4098.18,4467.1,4518.8,4519.7,4510.3,4375,0,0.949717346,2.806307647,7736,43478,1/13/2019,WCA,blue,BP
COOPER5W-15H,4.24E+13,43478.95833,10.375,249,248,10.33333333,132,259,3571,3571,50,50,0,820,Y,1.5,24268,4091.09,4412.1,4471.8,4468.5,4459.9,4368,0,0.940617577,2.786223278,7736,43478,1/13/2019,WCA,blue,BP
COOPER5W-15H,4.24E+13,43479,10.41666667,250,249,10.375,132,257,3634,3634,50,50,0,815,Y,1.5,24268,4083.53,4380.3,4443.2,4438.4,4430.3,4360,0,0.938388626,2.765402844,7736,43479,1/14/2019,WCA,blue,BP
COOPER5W-15H,4.24E+13,43479.04167,10.45833333,251,250,10.41666667,131,256,3416,3416,50,50,0,815,Y,1.5,24268,4076.24,4435.3,4484.6,4490.2,4481,4353,0,0.929352646,2.745492167,7736,43479,1/14/2019,WCA,blue,BP
COOPER5W-15H,4.24E+13,43479.08333,10.5,252,251,10.45833333,132,254,3248,3248,50,50,0,810,Y,1.5,24268,4068.93,4473.4,4516.9,4524.5,4514.7,4346,0,0.934513274,2.732743363,7736,43479,1/14/2019,WCA,blue,BP
COOPER5W-15H,4.24E+13,43479.125,10.54166667,253,252,10.5,131,255,3592,3592,50,50,0,810,Y,1.5,24268,4062.09,4374.4,4437.3,4432.7,4424.9,4339,0,0.92552252,2.727112158,7736,43479,1/14/2019,WCA,blue,BP
COOPER5W-15H,4.24E+13,43479.16667,10.58333333,254,253,10.54166667,131,254,3569,3569,50,50,0,805,Y,1.5,24268,4056.05,4371.2,4432,4427.8,4420.1,4333,0,0.923890685,2.715251249,7736,43479,1/14/2019,WCA,blue,BP
COOPER5W-15H,4.24E+13,43479.20833,10.625,255,254,10.58333333,130,251,3380,3380,50,50,0,805,Y,1.5,24268,4049.04,4412.3,4463.6,4467.2,4458.5,4326,0,0.914956012,2.681524927,7736,43479,1/14/2019,WCA,blue,BP
COOPER5W-15H,4.24E+13,43479.25,10.66666667,256,255,10.625,129,249,3574,3574,50,50,0,805,Y,1.5,24268,4042.1,4347.4,4405.2,4406,4398.5,4319,0,0.906057946,2.654960492,7736,43479,1/14/2019,WCA,blue,BP
COOPER5W-15H,4.24E+13,43479.29167,10.70833333,257,256,10.66666667,128,244,3445,3445,50,50,0,800,Y,0.5,24268,4035.42,4358.5,4413.3,4415.6,4408,4312,0,0.897196262,2.607476636,7736,43479,1/14/2019,WCA,blue,BP
COOPER5W-15H,4.24E+13,43479.33333,10.75,258,257,10.70833333,126,246,3602,3602,50,50,0,795,Y,0.5,24268,4029.08,4302.6,4366.8,4363.4,4356.8,4306,0,0.881632653,2.602915452,7736,43479,1/14/2019,WCA,blue,BP
COOPER5W-15H,4.24E+13,43479.375,10.79166667,259,258,10.75,125,243,3481,3481,50,50,0,790,Y,0.5,24268,4022.57,4317.3,4374,4376.7,4369.6,4299,0,0.872854233,2.569682863,7736,43479,1/14/2019,WCA,blue,BP
COOPER5W-15H,4.24E+13,43479.41667,10.83333333,260,259,10.79166667,126,245,3370,3370,50,50,0,785,Y,0.5,24268,4016.37,4351.2,4406,4408.7,4401.1,4293,0,0.878303805,2.586116759,7736,43479,1/14/2019,WCA,blue,BP
COOPER5W-15H,4.24E+13,43479.45833,10.875,261,260,10.83333333,124,240,3273,3273,50,50,0,780,Y,0.5,24268,4010.41,4349.7,4398.4,4407.8,4399.8,4287,0,0.8628588,2.532908089,7736,43479,1/14/2019,WCA,blue,BP
COOPER5W-15H,4.24E+13,43479.5,10.91666667,262,261,10.875,125,245,3501,3501,50,50,0,775,Y,0.5,24268,4004.2,4290.7,4353.6,4352,4345.3,4281,0,0.868306802,2.570188133,7736,43479,1/14/2019,WCA,blue,BP
COOPER5W-15H,4.24E+13,43479.54167,10.95833333,263,262,10.91666667,124,244,3856,3856,50,50,0,775,Y,0.5,24268,3998.04,4177.7,4264.6,4245.6,4241.3,4275,0,0.85986709,2.551863623,7736,43479,1/14/2019,WCA,blue,BP
COOPER5W-15H,4.24E+13,43479.58333,11,264,263,10.95833333,125,246,3790,3790,50,50,0,770,Y,0.5,24268,3992.14,4198.9,4281.4,4265.2,4260.3,4269,0,0.865301413,2.568214595,7736,43479,1/14/2019,WCA,blue,BP
COOPER5W-15H,4.24E+13,43479.625,11.04166667,265,264,11,124,243,4258,4258,50,50,0,765,Y,0.5,24268,3985.92,4039,4157.4,4113.4,4112.1,4263,0,0.856896055,2.536135906,7736,43479,1/14/2019,WCA,blue,BP
COOPER5W-15H,4.24E+13,43479.66667,11.08333333,266,265,11.04166667,126,241,4110,4110,50,50,0,765,Y,0.5,24268,3979.93,4083.5,4190.1,4155,4152.6,4257,0,0.869215292,2.531762001,7736,43479,1/14/2019,WCA,blue,BP
COOPER5W-15H,4.24E+13,43479.70833,11.125,267,266,11.08333333,125,242,3974,3974,50,50,0,760,Y,0.5,24268,3973.26,4113.5,4212.7,4183.3,4180.1,4250,0,0.860585198,2.526678141,7736,43479,1/14/2019,WCA,blue,BP
COOPER5W-15H,4.24E+13,43479.75,11.16666667,268,267,11.125,125,244,4189,4189,50,50,0,760,Y,0.5,24268,3967.96,4057.3,4170.7,4130.3,4128.4,4245,0,0.859352621,2.536808937,7736,43479,1/14/2019,WCA,blue,BP
COOPER5W-15H,4.24E+13,43479.79167,11.20833333,269,268,11.16666667,125,242,4020,4020,50,50,0,755,Y,0.5,24268,3961.88,4090.8,4192.5,4161.3,4158.7,4239,0,0.857878181,2.51873034,7736,43479,1/14/2019,WCA,blue,BP
COOPER5W-15H,4.24E+13,43479.83333,11.25,270,269,11.20833333,124,245,3950,3950,50,50,0,755,Y,0.5,24268,3955.76,4117,4216,4187,4183.8,4233,0,0.849557522,2.528118755,7736,43479,1/14/2019,WCA,blue,BP
COOPER5W-15H,4.24E+13,43479.875,11.29166667,271,270,11.25,126,242,3876,3876,50,50,0,750,Y,0.5,24268,3950.46,4128.3,4222.5,4196.6,4193.1,4227,0,0.861783984,2.516956398,7736,43479,1/14/2019,WCA,blue,BP
COOPER5W-15H,4.24E+13,43479.91667,11.33333333,272,271,11.29166667,124,240,3641,3641,50,50,0,750,Y,0.5,24268,3944.94,4185,4263.1,4249.9,4245.5,4222,0,0.846898122,2.486055777,7736,43479,1/14/2019,WCA,blue,BP
COOPER5W-15H,4.24E+13,43479.95833,11.375,273,272,11.33333333,125,239,3559,3559,50,50,0,745,Y,0.5,24268,3938.71,4202.2,4275.2,4265.5,4260.4,4216,0,0.852272727,2.481818182,7736,43479,1/14/2019,WCA,blue,BP
COOPER5W-15H,4.24E+13,43480,11.41666667,274,273,11.375,124,243,3886,3886,50,50,0,745,Y,0.5,24268,3933.32,4110.3,4207.7,4180.4,4177.5,4210,0,0.844015882,2.498014748,7736,43480,1/15/2019,WCA,blue,BP
COOPER5W-15H,4.24E+13,43480.04167,11.45833333,275,274,11.41666667,123,242,3850,3850,50,50,0,745,Y,0.5,24268,3927.65,4113.5,4209.8,4183.6,4180.7,4205,0,0.836023789,2.480883602,7736,43480,1/15/2019,WCA,blue,BP
COOPER5W-15H,4.24E+13,43480.08333,11.5,276,275,11.45833333,125,241,3826,3826,50,50,0,740,Y,0.5,24268,3922.45,4117.3,4212.5,4185.9,4182.5,4199,0,0.848176421,2.48346056,7736,43480,1/15/2019,WCA,blue,BP
COOPER5W-15H,4.24E+13,43480.125,11.54166667,277,276,11.5,124,239,3755,3755,50,50,0,740,Y,0.1,24268,3916.83,4127.5,4218.7,4196,4192.5,4194,0,0.840203275,2.459627329,7736,43480,1/15/2019,WCA,blue,BP
COOPER5W-15H,4.24E+13,43480.16667,11.58333333,278,277,11.54166667,123,237,3503,3503,50,50,0,735,Y,0.1,24268,3911.58,4187.4,4259.3,4251.1,4246.4,4188,0,0.832018038,2.435174746,7736,43480,1/15/2019,WCA,blue,BP
COOPER5W-15H,4.24E+13,43480.20833,11.625,279,278,11.58333333,124,241,3648,3648,50,50,0,735,Y,0.1,24268,3906.33,4157.7,4242.3,4224.6,4220.6,4183,0,0.837602026,2.465522094,7736,43480,1/15/2019,WCA,blue,BP
COOPER5W-15H,4.24E+13,43480.25,11.66666667,280,279,11.625,122,240,3795,3795,50,50,0,730,Y,0.1,24268,3900.91,4091.4,4190.6,4161.9,4159.3,4178,0,0.822934233,2.441821248,7736,43480,1/15/2019,WCA,blue,BP
COOPER5W-15H,4.24E+13,43480.29167,11.70833333,281,280,11.66666667,122,238,3549,3549,50,50,0,725,Y,0.1,24268,3895.49,4153.6,4235.5,4219.1,4215.2,4172,0,0.821548822,2.424242424,7736,43480,1/15/2019,WCA,blue,BP
COOPER5W-15H,4.24E+13,43480.33333,11.75,282,281,11.70833333,121,237,3261,3261,50,50,0,725,Y,0.1,24268,3890.31,4237.6,4299.5,4299.9,4294,4167,0,0.813673298,2.40739703,7736,43480,1/15/2019,WCA,blue,BP
COOPER5W-15H,4.24E+13,43480.375,11.79166667,283,282,11.75,119,238,3480,3480,50,50,0,720,Y,0.1,24268,3884.97,4154.1,4232.5,4220,4216.2,4162,0,0.799104645,2.397313934,7736,43480,1/15/2019,WCA,blue,BP
COOPER5W-15H,4.24E+13,43480.41667,11.83333333,284,283,11.79166667,120,235,3614,3614,50,50,0,720,Y,0.1,24268,3880.06,4104,4194.1,4173.4,4170.3,4157,0,0.804694049,2.380553227,7736,43480,1/15/2019,WCA,blue,BP
COOPER5W-15H,4.24E+13,43480.45833,11.875,285,284,11.83333333,119,232,3352,3352,50,50,0,715,Y,0.1,24268,3875.19,4167,4237.2,4231.5,4227,4152,0,0.796875,2.350446429,7736,43480,1/15/2019,WCA,blue,BP
COOPER5W-15H,4.24E+13,43480.5,11.91666667,286,285,11.875,119,235,3527,3527,50,50,0,715,Y,0.1,24268,3864.13,4119.2,4202.9,4187.2,4183.6,4141,0,0.794436718,2.363282337,7736,43480,1/15/2019,WCA,blue,BP
COOPER5W-15H,4.24E+13,43480.54167,11.95833333,287,286,11.91666667,117,231,3482,3482,50,50,0,710,Y,0.1,24268,3858.03,4102.8,4186.5,4170.9,4168,4135,0,0.779783394,2.319355735,7736,43480,1/15/2019,WCA,blue,BP
COOPER5W-15H,4.24E+13,43480.58333,12,288,287,11.95833333,116,229,3271,3271,50,50,0,710,Y,0.1,24268,3852.31,4162.6,4233.5,4227.5,4223.1,4129,0,0.771832548,2.295536457,7736,43480,1/15/2019,WCA,blue,BP
COOPER5W-15H,4.24E+13,43480.625,12.04166667,289,288,12,117,227,3503,3503,50,50,0,705,Y,0.1,24268,3846.54,4071.7,4159.8,4141.9,4139.4,4123,0,0.777193468,2.28508165,7736,43480,1/15/2019,WCA,blue,BP
COOPER5W-15H,4.24E+13,43480.66667,12.08333333,290,289,12.04166667,115,223,3259,3259,50,50,0,705,Y,0.1,24268,3841.09,4132,4206.8,4199.2,4195.3,4118,0,0.762852405,2.24212272,7736,43480,1/15/2019,WCA,blue,BP
COOPER5W-15H,4.24E+13,43480.70833,12.125,291,290,12.08333333,115,220,3216,3216,50,50,0,700,Y,0.1,24268,3835.39,4126.9,4201.4,4194.2,4190.3,4112,0,0.761589404,2.218543046,7736,43480,1/15/2019,WCA,blue,BP
COOPER5W-15H,4.24E+13,43480.75,12.16666667,292,291,12.125,114,218,3191,3191,50,50,0,700,Y,0.1,24268,3829.78,4124.5,4197.2,4191.9,4188.2,4107,0,0.753926702,2.195646184,7736,43480,1/15/2019,WCA,blue,BP
COOPER5W-15H,4.24E+13,43480.79167,12.20833333,293,292,12.16666667,114,216,3398,3398,50,50,0,695,Y,0.1,24268,3824.52,4036,4127.2,4106.6,4105.2,4101,0,0.752682256,2.178817056,7736,43480,1/15/2019,WCA,blue,BP
COOPER5W-15H,4.24E+13,43480.83333,12.25,294,293,12.20833333,113,214,3264,3264,50,50,0,695,Y,0.1,24268,3819.25,4071.1,4152.4,4140.7,4137.8,4096,0,0.745054945,2.156043956,7736,43480,1/15/2019,WCA,blue,BP
COOPER5W-15H,4.24E+13,43480.875,12.29166667,295,294,12.25,114,210,3554,3554,50,50,0,690,Y,0.1,24268,3815.64,3948.6,4056.7,4023.5,4024.2,4093,0,0.751029371,2.134504529,7736,43480,1/15/2019,WCA,blue,BP
COOPER5W-15H,4.24E+13,43480.91667,12.33333333,296,295,12.29166667,113,207,3382,3382,50,50,0,690,Y,0.1,24268,3812.19,3992.9,4089.5,4065.9,4065.1,4089,0,0.743624897,2.105840417,7736,43480,1/15/2019,WCA,blue,BP
COOPER5W-15H,4.24E+13,43480.95833,12.375,297,296,12.33333333,113,204,3429,3429,50,50,0,685,Y,0.1,24268,3806.45,3955.2,4058.5,4028.9,4029.7,4083,0,0.742403504,2.082671777,7736,43480,1/15/2019,WCA,blue,BP
COOPER5W-15H,4238937053,43481,12.41666667,298,297,0.041666667,112,201,3376,3376,50,50,0,685,Y,0.1,24268,3801.06,3957.4,4059.9,4031.2,4032.2,4078,0,0.734827775,2.053581192,7736,43481,1/16/2019,WCA,blue,BP
COOPER5W-15H,4238937053,43481.04167,12.45833333,299,298,0.083333333,112,200,3582,3582,50,50,0,680,Y,0.1,24268,3796.39,3868.1,3993.5,3946.3,3950.4,4073,0,0.733824734,2.044226044,7736,43481,1/16/2019,WCA,blue,BP
COOPER5W-15H,4238937053,43481.08333,12.5,300,299,0.125,113,197,3419,3419,50,50,0,680,Y,0.1,24268,3791.92,3920.2,4029.6,3995.6,3997.8,4069,0,0.73956913,2.028906463,7736,43481,1/16/2019,WCA,blue,BP
COOPER5W-15H,4238937053,43481.125,12.54166667,301,300,0.166666667,112,195,3496,3496,50,50,0,680,Y,0.1,24268,3787.54,3879.1,3997.7,3955.7,3960,4064,0,0.732026144,2.006535948,7736,43481,1/16/2019,WCA,blue,BP
COOPER5W-15H,4238937053,43481.16667,12.58333333,302,301,0.208333333,111,193,3162,3162,50,50,0,675,Y,0.1,24268,3782.46,3980.9,4074.7,4053.2,4053.6,4059,0,0.724503671,1.984226271,7736,43481,1/16/2019,WCA,blue,BP
COOPER5W-15H,4238937053,43481.20833,12.625,303,302,0.25,112,194,3243,3243,50,50,0,675,Y,0.1,24268,3777.31,3958.4,4057.9,4032,4033.4,4054,0,0.730038023,1.994568169,7736,43481,1/16/2019,WCA,blue,BP
COOPER5W-15H,4238937053,43481.25,12.66666667,304,303,0.291666667,110,193,3226,3226,50,50,0,670,Y,0.1,24268,3772.38,3941.1,4044.2,4015.8,4017.3,4049,0,0.716029292,1.972335232,7736,43481,1/16/2019,WCA,blue,BP
COOPER5W-15H,4238937053,43481.29167,12.70833333,305,304,0.333333333,110,191,3290,3290,50,50,0,670,Y,0.1,24268,3767.57,3908.1,4018.8,3984.3,3987.8,4044,0,0.715059588,1.956663055,7736,43481,1/16/2019,WCA,blue,BP
COOPER5W-15H,4238937053,43481.33333,12.75,306,305,0.375,109,192,3345,3345,50,50,0,670,Y,0.1,24268,3762.59,3885.8,4002.7,3963.4,3968.3,4039,0,0.707600757,1.95401677,7736,43481,1/16/2019,WCA,blue,BP
COOPER5W-15H,4238937053,43481.375,12.79166667,307,306,0.416666667,110,187,3176,3176,50,50,0,665,Y,0.1,24268,3757.5,3926.1,4031,4000.5,4003.2,4034,0,0.713128039,1.925445705,7736,43481,1/16/2019,WCA,blue,BP
COOPER5W-15H,4238937053,43481.41667,12.83333333,308,307,0.458333333,111,188,3410,3410,50,50,0,665,Y,0.1,24268,3752.77,3844.1,3970,3922.8,3929.2,4030,0,0.718834323,1.936319482,7736,43481,1/16/2019,WCA,blue,BP
COOPER5W-15H,4238937053,43481.45833,12.875,309,308,0.5,109,190,3358,3358,50,50,0,665,Y,0.1,24268,3747.67,3862.8,3984.4,3940.7,3946.2,4025,0,0.704931285,1.93371059,7736,43481,1/16/2019,WCA,blue,BP
COOPER5W-15H,4238937053,43481.5,12.91666667,310,309,0.541666667,110,189,3310,3310,50,50,0,665,Y,0.1,24268,3743.24,3882.6,3997.9,3959.1,3963.8,4020,0,0.710441335,1.931108719,7736,43481,1/16/2019,WCA,blue,BP
COOPER5W-15H,4238937053,43481.54167,12.95833333,311,310,0.583333333,109,187,3421,3421,50,50,0,665,Y,0.1,24268,3738.66,3825.8,3957.7,3905.2,3912.7,4016,0,0.703225806,1.909677419,7736,43481,1/16/2019,WCA,blue,BP
COOPER5W-15H,4238937053,43481.58333,13,312,311,0.625,108,185,3218,3218,50,50,0,660,Y,0.1,24268,3733.83,3880.2,3996.1,3957.1,3962.7,4011,0,0.695838926,1.887785235,7736,43481,1/16/2019,WCA,blue,BP
COOPER5W-15H,4238937053,43481.625,13.04166667,313,312,0.666666667,109,186,3141,3141,50,50,0,660,Y,0.1,24268,3729.37,3920.4,4026.3,3995.1,3998.3,4006,0,0.701340483,1.898123324,7736,43481,1/16/2019,WCA,blue,BP
COOPER5W-15H,4238937053,43481.66667,13.08333333,314,313,0.708333333,108,183,3223,3223,50,50,0,655,Y,0.1,24268,3725.07,3859.9,3979.6,3937.1,3943.6,4002,0,0.694161757,1.870380289,7736,43481,1/16/2019,WCA,blue,BP
COOPER5W-15H,4238937053,43481.70833,13.125,315,314,0.75,109,185,3280,3280,50,50,0,655,Y,0.1,24268,3720.28,3850.4,3973.3,3928.5,3935.5,3997,0,0.699652313,1.887135598,7736,43481,1/16/2019,WCA,blue,BP
COOPER5W-15H,4238937053,43481.75,13.16666667,316,315,0.791666667,108,184,3305,3305,50,50,0,655,Y,0.1,24268,3715.76,3830.2,3959.3,3909.7,3917.7,3993,0,0.692492653,1.872294951,7736,43481,1/16/2019,WCA,blue,BP
COOPER5W-15H,4238937053,43481.79167,13.20833333,317,316,0.833333333,107,182,3208,3208,50,50,0,650,Y,0.1,24268,3711.72,3844.5,3968.9,3923.1,3931.1,3989,0,0.685348279,1.851080865,7736,43481,1/16/2019,WCA,blue,BP
COOPER5W-15H,4238937053,43481.83333,13.25,318,317,0.875,108,181,3140,3140,50,50,0,650,Y,0.1,24268,3707.48,3874.5,3989.7,3950.2,3956.4,3984,0,0.690831557,1.848614072,7736,43481,1/16/2019,WCA,blue,BP
COOPER5W-15H,4238937053,43481.875,13.29166667,319,318,0.916666667,106,183,3098,3098,50,50,0,645,Y,0.1,24268,3703.15,3879,3994,3955,3961.2,3980,0,0.677316294,1.846645367,7736,43481,1/16/2019,WCA,blue,BP
COOPER5W-15H,4238937053,43481.91667,13.33333333,320,319,0.958333333,107,179,3320,3320,50,50,0,645,Y,0.1,24268,3698.43,3775.3,3918.8,3856.7,3868.9,3975,0,0.682797128,1.82504653,7736,43481,1/16/2019,WCA,blue,BP
COOPER5W-15H,4238937053,43481.95833,13.375,321,320,1,106,180,3275,3275,50,50,0,645,Y,0.1,24268,3694.18,3793.2,3931.1,3873.6,3884.5,3971,0,0.675697211,1.82310757,7736,43481,1/16/2019,WCA,blue,BP
COOPER5W-15H,4238937053,43482,13.41666667,322,321,1.041666667,107,178,3229,3229,50,50,0,640,Y,0.1,24268,3689.91,3796.9,3932.3,3877.1,3887.9,3967,0,0.681347838,1.814804988,7736,43482,1/17/2019,WCA,blue,BP
COOPER5W-15H,4238937053,43482.04167,13.45833333,323,322,1.083333333,106,178,3280,3280,50,50,0,640,Y,0.1,24268,3685.61,3770.3,3914.9,3852.1,3864.9,3963,0,0.674264511,1.806520011,7736,43482,1/17/2019,WCA,blue,BP
COOPER5W-15H,4238937053,43482.08333,13.5,324,323,1.125,107,176,3154,3154,50,50,0,640,Y,0.1,24268,3681.39,3818.9,3947.8,3897.9,3908,3958,0,0.679724722,1.797776601,7736,43482,1/17/2019,WCA,blue,BP
COOPER5W-15H,4238937053,43482.125,13.54166667,325,324,1.166666667,106,175,3020,3020,50,50,0,635,Y,0.1,24268,3677.17,3855.4,3974.4,3931.7,3939.9,3954,0,0.672659968,1.783183501,7736,43482,1/17/2019,WCA,blue,BP
COOPER5W-15H,4238937053,43482.16667,13.58333333,326,325,1.208333333,105,176,3009,3009,50,50,0,635,Y,0.1,24268,3673.04,3859,3977.7,3935.5,3943.6,3950,0,0.665610143,1.781299525,7736,43482,1/17/2019,WCA,blue,BP
COOPER5W-15H,4238937053,43482.20833,13.625,327,326,1.25,106,177,3188,3188,50,50,0,630,Y,0.1,24268,3668.78,3782.2,3920.9,3862.9,3874.8,3946,0,0.671240106,1.792084433,7736,43482,1/17/2019,WCA,blue,BP
COOPER5W-15H,4238937053,43482.25,13.66666667,328,327,1.291666667,105,175,3217,3217,50,50,0,630,Y,0.1,24268,3664.28,3754.9,3902.2,3837.1,3851.6,3941,0,0.664031621,1.770750988,7736,43482,1/17/2019,WCA,blue,BP
COOPER5W-15H,4238937053,43482.29167,13.70833333,329,328,1.333333333,105,175,3264,3264,50,50,0,630,Y,0.1,24268,3660.09,3736.3,3890.4,3818.8,3833.6,3937,0,0.663332456,1.768886549,7736,43482,1/17/2019,WCA,blue,BP
COOPER5W-15H,4238937053,43482.33333,13.75,330,329,1.375,104,174,3059,3059,50,50,0,625,Y,0.1,24268,3655.97,3800.9,3934.4,3880.8,3893.1,3933,0,0.656323955,1.754404418,7736,43482,1/17/2019,WCA,blue,BP
COOPER5W-15H,4238937053,43482.375,13.79166667,331,330,1.416666667,105,172,2989,2989,50,50,0,625,Y,0.1,24268,3651.71,3827.5,3953.4,3906.1,3916.4,3929,0,0.661938534,1.746256895,7736,43482,1/17/2019,WCA,blue,BP
COOPER5W-15H,4238937053,43482.41667,13.83333333,332,331,1.458333333,104,171,3129,3129,50,50,0,625,Y,0.1,24268,3647.64,3757.4,3902,3838.9,3853.8,3925,0,0.654946208,1.731828916,7736,43482,1/17/2019,WCA,blue,BP
COOPER5W-15H,4238937053,43482.45833,13.875,333,332,1.5,104,168,3069,3069,50,50,0,620,Y,0.1,24268,3643.44,3757.5,3901.3,3839,3854.5,3920,0,0.65408805,1.710691824,7736,43482,1/17/2019,WCA,blue,BP
COOPER5W-15H,4238937053,43482.5,13.91666667,334,333,1.541666667,103,170,3149,3149,50,50,0,620,Y,0.1,24268,3639.29,3726.8,3881,3809.9,3827.5,3916,0,0.647120419,1.715183246,7736,43482,1/17/2019,WCA,blue,BP
COOPER5W-15H,4238937053,43482.54167,13.95833333,335,334,1.583333333,101,166,3025,3025,50,50,0,620,Y,0.1,24268,3634.97,3749.7,3896.9,3832.1,3849.6,3912,0,0.633891213,1.675732218,7736,43482,1/17/2019,WCA,blue,BP
COOPER5W-15H,4238937053,43482.58333,14,336,335,1.625,103,165,2978,2978,50,50,0,615,Y,0.1,24268,3631.07,3767,3907.3,3847.7,3863.8,3908,0,0.645768025,1.680250784,7736,43482,1/17/2019,WCA,blue,BP
COOPER5W-15H,4238937053,43482.625,14.04166667,337,336,1.666666667,102,167,2905,2905,50,50,0,615,Y,0.1,24268,3627.02,3803.2,3935.1,3882.7,3896.4,3904,0,0.638830898,1.684759916,7736,43482,1/17/2019,WCA,blue,BP
COOPER5W-15H,4238937053,43482.66667,14.08333333,338,337,1.708333333,103,166,3005,3005,50,50,0,615,Y,0.1,24268,3622.86,3760.3,3902.2,3841.1,3857.3,3900,0,0.644421272,1.683003128,7736,43482,1/17/2019,WCA,blue,BP
COOPER5W-15H,4238937053,43482.70833,14.125,339,338,1.75,101,165,3041,3041,50,50,0,610,Y,0.1,24268,3619.44,3715.1,3871.4,3798.9,3819.4,3896,0,0.63125,1.6625,7736,43482,1/17/2019,WCA,blue,BP
COOPER5W-15H,4238937053,43482.75,14.16666667,340,339,1.791666667,102,167,3089,3089,50,50,0,610,Y,0.1,24268,3615.17,3710.1,3867.7,3793.8,3813.6,3892,0,0.636836629,1.67950052,7736,43482,1/17/2019,WCA,blue,BP
COOPER5W-15H,4238937053,43482.79167,14.20833333,341,340,1.833333333,101,168,3006,3006,50,50,0,610,Y,0.1,24268,3610.91,3745.7,3893.5,3828.1,3845.3,3888,0,0.62993763,1.677754678,7736,43482,1/17/2019,WCA,blue,BP
COOPER5W-15H,4238937053,43482.83333,14.25,342,341,1.875,100,164,3040,3040,50,50,0,610,Y,0.1,24268,3606.92,3704.9,3864.8,3789.1,3811,3884,0,0.62305296,1.644859813,7736,43482,1/17/2019,WCA,blue,BP
COOPER5W-15H,4238937053,43482.875,14.29166667,343,342,1.916666667,101,165,2874,2874,50,50,0,605,Y,0.1,24268,3603.16,3780.8,3917.6,3860.8,3876.4,3880,0,0.628630705,1.65560166,7736,43482,1/17/2019,WCA,blue,BP
COOPER5W-15H,4238937053,43482.91667,14.33333333,344,343,1.958333333,101,167,2775,2775,50,50,0,605,Y,0.1,24268,3599.46,3835.2,3959,3913.1,3925.3,3876,0,0.627979275,1.666321244,7736,43482,1/17/2019,WCA,blue,BP
COOPER5W-15H,4238937053,43482.95833,14.375,345,344,2,100,166,2807,2807,50,50,0,605,Y,0.1,24268,3595.84,3810.7,3940.3,3889.1,3903.1,3873,0,0.621278799,1.652601605,7736,43482,1/17/2019,WCA,blue,BP
COOPER5W-15H,4238937053,43483,14.41666667,346,345,2.041666667,101,165,2985,2985,50,50,0,605,Y,0.1,24268,3591.93,3729.7,3880.8,3812.4,3831.4,3869,0,0.626842514,1.650892164,7736,43483,1/18/2019,WCA,blue,BP
COOPER5W-15H,4238937053,43483.04167,14.45833333,347,346,2.083333333,98,164,3020,3020,50,50,0,605,Y,0.1,24268,3588.23,3688.9,3857.3,3775,3798.7,3865,0,0.607594937,1.624386463,7736,43483,1/18/2019,WCA,blue,BP
COOPER5W-15H,4238937053,43483.08333,14.5,348,347,2.125,99,165,2887,2887,50,50,0,600,Y,0.1,24268,3584.36,3751.6,3897,3833.5,3852.1,3861,0,0.61316129,1.635096774,7736,43483,1/18/2019,WCA,blue,BP
COOPER5W-15H,4238937053,43483.125,14.54166667,349,348,2.166666667,98,164,2989,2989,50,50,0,600,Y,0.1,24268,3580.35,3693.3,3857.3,3778.2,3801.6,3857,0,0.606341841,1.62103635,7736,43483,1/18/2019,WCA,blue,BP
COOPER5W-15H,4238937053,43483.16667,14.58333333,350,349,2.208333333,97,163,3001,3001,50,50,0,600,Y,0.1,24268,3576.48,3675.2,3848.5,3761.9,3787.1,3853,0,0.599536441,1.607004893,7736,43483,1/18/2019,WCA,blue,BP
COOPER5W-15H,4238937053,43483.20833,14.625,351,350,2.25,98,165,2941,2941,50,50,0,595,Y,0.1,24268,3573.06,3708.1,3867.2,3792.7,3815,3850,0,0.605249614,1.624292331,7736,43483,1/18/2019,WCA,blue,BP
COOPER5W-15H,4238937053,43483.25,14.66666667,352,351,2.291666667,97,162,2945,2945,50,50,0,595,Y,0.1,24268,3569.77,3685.8,3851.5,3771.1,3796.1,3847,0,0.598611468,1.598354333,7736,43483,1/18/2019,WCA,blue,BP
