Wellname,Date_time,Temperature,Poly_1,SGx1000,Velocity_bph
Woody East,8/1/2019 10:27:25,87.6416,16.437,1100.014,213
Woody East,8/1/2019 10:27:27,87.6416,16.446,1100.037,213
Woody East,8/1/2019 10:27:29,87.6416,16.457,1100.214,213
Woody East,8/1/2019 10:27:31,87.6416,16.471,1100.162,213
Woody East,8/1/2019 10:27:38,87.6416,16.311,1098.946,213
Woody East,8/1/2019 10:27:40,87.6416,16.388,1099.456,213
Woody East,8/1/2019 10:27:42,87.6416,16.149,1097.88,213
Woody East,8/1/2019 10:27:44,87.6416,16.152,1097.908,213
Woody East,8/1/2019 10:27:48,87.6416,16.183,1098.709,213
Woody East,8/1/2019 10:27:50,87.6416,16.214,1098.939,213
Woody East,8/1/2019 10:27:52,87.6416,16.25,1099.3,213
Woody East,8/1/2019 10:27:54,87.6416,16.288,1099.573,213
Woody East,8/1/2019 10:27:58,87.6416,16.37,1100.082,213
Woody East,8/1/2019 10:28:00,87.6416,16.398,1099.941,213
Woody East,8/1/2019 10:28:02,87.6416,16.419,1010,213
Woody East,8/1/2019 10:28:04,87.6416,16.439,1069,213
Woody East,8/1/2019 10:28:08,87.6416,16.475,1090,213
Woody East,8/1/2019 10:28:10,87.6416,16.499,1100,213
Woody East,8/1/2019 10:28:12,87.6416,16.522,1200,213
Woody East,8/1/2019 10:28:14,87.6416,16.545,1167,213
Woody East,8/1/2019 10:32:59,87.6416,17.526,1090,213
Woody East,8/1/2019 10:33:01,87.6416,17.531,1400,213
Woody East,8/1/2019 10:33:03,87.6416,17.535,1500,213
Woody East,8/1/2019 10:33:05,87.6416,17.539,1300,213
Woody East,8/1/2019 10:33:12,87.6416,17.563,1500,213
Woody East,8/1/2019 10:33:14,87.6416,17.569,1300,213
Woody East,8/1/2019 10:33:16,87.6416,17.573,1200,213
Woody East,8/1/2019 10:33:18,87.6416,17.583,1190,213
Woody East,8/1/2019 10:33:21,87.6416,17.611,1450,213
Woody East,8/1/2019 10:33:23,87.6416,17.616,1210,213
Woody East,8/1/2019 10:33:25,87.6416,17.624,1390,213
Woody East,8/1/2019 10:33:27,87.6416,17.633,1200,213
Woody East,8/1/2019 10:33:31,87.6416,17.638,1500,213
Woody East,8/1/2019 10:33:33,87.6416,17.634,1010,213
Woody East,8/1/2019 10:33:35,87.6416,17.632,1069,213
Woody East,8/1/2019 10:33:37,87.6416,17.627,1090,213
Woody East,8/1/2019 10:33:40,87.6416,17.627,1100,213
Woody East,8/1/2019 10:33:42,87.6416,17.628,1200,213
Woody East,8/1/2019 10:33:44,87.6416,17.625,1167,213
Woody East,8/1/2019 10:33:46,87.6416,17.62,1090,213
Woody East,8/1/2019 10:33:50,87.6416,17.594,1400,213
Woody East,8/1/2019 10:33:52,87.6416,17.597,1500,213
Woody East,8/1/2019 10:33:54,87.6416,17.605,1300,213
Woody East,8/1/2019 10:33:56,87.6416,17.626,1500,213
Woody East,8/1/2019 10:34:00,87.6416,17.659,1300,213
Woody East,8/1/2019 10:34:02,87.6416,17.672,1200,213
Woody East,8/1/2019 10:34:04,87.6416,17.686,1190,213
Woody East,8/1/2019 10:34:06,87.6416,17.697,1450,213
Woody East,8/1/2019 10:34:10,87.6416,17.712,1210,213
Woody East,8/1/2019 10:34:12,87.6416,17.726,1390,213
Woody East,8/1/2019 10:34:14,87.6416,17.743,1200,213
Woody East,8/1/2019 10:34:16,87.6416,17.758,1500,213
Woody East,8/1/2019 10:34:18,87.6416,17.777,1010,213
Woody East,8/1/2019 10:34:20,87.6416,17.803,1069,213
Woody East,8/1/2019 10:34:22,87.6416,17.836,1090,213
Woody East,8/1/2019 10:34:24,87.6416,17.854,1100,213
Woody East,8/1/2019 10:34:26,87.6416,17.868,1200,213
Woody East,8/1/2019 10:34:28,87.6416,17.888,1167,213
Woody East,8/1/2019 10:34:30,87.6416,17.908,1090,213
Woody East,8/1/2019 10:34:32,87.6416,17.93,1400,213
Woody East,8/1/2019 10:34:34,87.6416,17.952,1500,213
Woody East,8/1/2019 10:34:36,87.6416,17.968,1300,213
Woody East,8/1/2019 10:34:38,87.6416,17.978,1500,213
Woody East,8/1/2019 10:34:40,87.6416,17.973,1300,213
Woody East,8/1/2019 10:34:42,87.6416,17.963,1200,213
Woody East,8/1/2019 10:34:44,87.6416,17.96,1190,213
Woody East,8/1/2019 10:34:46,87.6416,17.951,1450,213
Woody East,8/1/2019 10:34:48,87.6416,17.936,1210,213
Woody East,8/1/2019 10:34:50,87.6416,17.936,1390,213
Woody East,8/1/2019 10:34:52,87.6416,17.95,1200,213
Woody East,8/1/2019 10:34:54,87.6416,17.961,1500,213
Woody East,8/1/2019 10:34:56,87.6416,17.968,1110.077,213
Woody East,8/1/2019 10:34:58,87.6416,17.977,1110.307,213
Woody East,8/1/2019 10:35:00,87.6416,17.992,1110.596,213
Woody East,8/1/2019 10:35:02,87.6416,18.008,1110.437,213
Woody East,8/1/2019 10:35:04,87.6416,18.01,1110.308,213
Woody East,8/1/2019 10:35:06,87.6416,18.012,1110.419,213
Woody East,8/1/2019 10:35:08,87.6416,18.023,1110.689,213
Woody East,8/1/2019 10:35:10,87.6416,18.038,1110.778,213
Woody East,8/1/2019 10:35:12,87.6416,18.059,1111.144,213
Woody East,8/1/2019 10:35:14,87.6416,18.088,1111.479,213
Woody East,8/1/2019 10:35:16,87.6416,18.116,1111.553,213
Woody East,8/1/2019 10:35:18,87.6416,18.149,1111.841,213
Woody East,8/1/2019 10:35:20,87.6416,18.173,1111.868,213
Woody East,8/1/2019 10:35:22,87.6416,18.192,1111.853,213
Woody East,8/1/2019 10:35:24,87.6416,18.211,1111.972,213
Woody East,8/1/2019 10:35:26,87.6416,18.229,1112.153,213
Woody East,8/1/2019 10:35:28,87.6416,18.244,1112.078,213
Woody East,8/1/2019 10:35:30,87.6416,18.254,1112.154,213
Woody East,8/1/2019 10:35:32,87.6416,18.265,1112.163,213
Woody East,8/1/2019 10:35:34,87.6416,18.268,1112.004,213
Woody East,8/1/2019 10:35:36,87.6416,18.265,1111.966,213
Woody East,8/1/2019 10:35:38,87.6416,18.266,1112.038,213
Woody East,8/1/2019 10:35:40,87.6416,18.267,1112.071,213
Woody East,8/1/2019 10:35:42,87.6416,18.272,1112.234,213
Woody East,8/1/2019 10:35:44,87.6416,18.283,1112.389,213
Woody East,8/1/2019 10:35:46,87.6416,18.295,1112.354,213
Woody East,8/1/2019 10:35:48,87.6416,18.299,1112.241,213
Woody East,8/1/2019 10:35:50,87.6416,18.296,1112.149,213
Woody East,8/1/2019 10:35:52,87.6416,18.292,1112.066,213
Woody East,8/1/2019 10:35:54,87.6416,18.289,1112.295,213
Woody East,8/1/2019 10:35:56,87.6416,18.305,1112.735,213
Woody East,8/1/2019 10:35:58,87.6416,18.324,1112.688,213
Woody East,8/1/2019 10:36:00,87.6416,18.34,1112.901,213
Woody East,8/1/2019 10:36:02,87.6416,18.363,1113.217,213
Woody East,8/1/2019 10:36:04,87.6416,18.39,1113.416,213
Woody East,8/1/2019 10:36:06,87.6416,18.418,1113.615,213
Woody East,8/1/2019 10:36:08,87.6416,18.443,1113.563,213
Woody East,8/1/2019 10:36:10,87.6416,18.462,1113.785,213
Woody East,8/1/2019 10:36:12,87.6416,18.474,1113.592,213
Woody East,8/1/2019 10:36:14,87.6416,18.487,1113.768,213
Woody East,8/1/2019 10:36:16,87.6416,18.494,1113.616,213
Woody East,8/1/2019 10:36:18,87.6416,18.496,1113.607,213
Woody East,8/1/2019 10:36:20,87.6416,18.495,1113.444,213
Woody East,8/1/2019 10:36:22,87.6416,18.49,1113.495,213
Woody East,8/1/2019 10:36:24,87.6416,18.493,1113.67,213
Woody East,8/1/2019 10:36:26,87.6416,18.498,1113.639,213
Woody East,8/1/2019 10:36:28,87.6416,18.502,1113.752,213
Woody East,8/1/2019 10:36:30,87.6416,18.505,1113.579,213
Woody East,8/1/2019 10:36:32,87.6416,18.498,1113.415,213
Woody East,8/1/2019 10:36:34,87.6416,18.494,1113.477,213
Woody East,8/1/2019 10:36:36,87.6416,18.489,1113.451,213
Woody East,8/1/2019 10:36:38,87.6416,18.484,1113.292,213
Woody East,8/1/2019 10:36:40,87.6416,18.474,1113.21,213
Woody East,8/1/2019 10:36:42,87.6416,18.472,1113.565,213
Woody East,8/1/2019 10:36:44,87.6416,18.487,1113.809,213
Woody East,8/1/2019 10:36:46,87.6416,18.498,1113.755,213
Woody East,8/1/2019 10:36:48,87.6416,18.508,1113.882,213
Woody East,8/1/2019 10:36:50,87.6416,18.522,1114.001,213
Woody East,8/1/2019 10:36:52,87.6416,18.532,1113.974,213
Woody East,8/1/2019 10:36:54,87.6416,18.536,1113.914,213
Woody East,8/1/2019 10:36:56,87.6416,18.545,1114.146,213
Woody East,8/1/2019 10:36:58,87.6416,18.558,1114.221,213
Woody East,8/1/2019 10:37:00,87.6416,18.569,1114.263,213
Woody East,8/1/2019 10:37:02,87.6416,18.576,1114.22,213
Woody East,8/1/2019 10:37:04,87.6416,18.583,1114.357,213
Woody East,8/1/2019 10:47:38,87.6416,19.875,1123.004,213
Woody East,8/1/2019 10:47:40,87.6416,19.877,1122.977,213
Woody East,8/1/2019 10:47:42,87.6416,19.871,1122.722,213
Woody East,8/1/2019 10:47:44,87.6416,19.863,1122.91,213
Woody East,8/1/2019 10:47:47,87.6416,19.866,1122.855,213
Woody East,8/1/2019 10:47:49,87.6416,19.86,1122.729,213
Woody East,8/1/2019 10:47:51,87.6416,19.854,1122.723,213
Woody East,8/1/2019 10:47:53,87.6416,19.844,1122.478,213
Woody East,8/1/2019 10:47:55,87.6416,19.834,1122.547,213
Woody East,8/1/2019 10:47:57,87.6416,19.83,1122.652,213
Woody East,8/1/2019 10:47:59,87.6416,19.825,1122.544,213
Woody East,8/1/2019 10:48:01,87.6416,19.829,1122.903,213
Woody East,8/1/2019 10:48:03,87.6416,19.842,1123.024,213
Woody East,8/1/2019 10:48:05,87.6416,19.857,1123.195,213
Woody East,8/1/2019 10:48:07,87.6416,19.877,1123.456,213
Woody East,8/1/2019 10:48:09,87.6416,19.897,1123.614,213
Woody East,8/1/2019 10:48:11,87.6416,19.92,1123.772,213
Woody East,8/1/2019 10:48:13,87.6416,19.938,1123.676,213
Woody East,8/1/2019 10:48:15,87.6416,19.949,1123.66,213
Woody East,8/1/2019 10:48:17,87.6416,19.952,1123.505,213
Woody East,8/1/2019 10:48:19,87.6416,19.946,1123.281,213
Woody East,8/1/2019 10:48:21,87.6416,19.937,1123.206,213
Woody East,8/1/2019 10:48:23,87.6416,19.925,1123.058,213
Woody East,8/1/2019 10:48:25,87.6416,19.916,1123.214,213
Woody East,8/1/2019 10:48:27,87.6416,19.913,1123.193,213
Woody East,8/1/2019 10:48:29,87.6416,19.911,1123.154,213
Woody East,8/1/2019 10:48:31,87.6416,19.911,1123.378,213
Woody East,8/1/2019 10:48:33,87.6416,19.925,1123.568,213
Woody East,8/1/2019 10:48:35,87.6416,19.932,1123.526,213
Woody East,8/1/2019 10:48:37,87.6416,19.937,1123.477,213
Woody East,8/1/2019 10:48:39,87.6416,19.937,1123.344,213
Woody East,8/1/2019 10:48:41,87.6416,19.927,1123.098,213
Woody East,8/1/2019 10:48:43,87.6416,19.921,1123.311,213
Woody East,8/1/2019 10:48:45,87.6416,19.925,1123.436,213
Woody East,8/1/2019 10:48:47,87.6416,19.934,1123.68,213
Woody East,8/1/2019 10:48:49,87.6416,19.949,1123.759,213
Woody East,8/1/2019 10:48:51,87.6416,19.961,1123.878,213
Woody East,8/1/2019 10:48:53,87.6416,19.98,1124.172,213
Woody East,8/1/2019 10:48:55,87.6416,20.003,1124.277,213
Woody East,8/1/2019 10:48:57,87.6416,20.02,1124.248,213
Woody East,8/1/2019 10:48:59,87.6416,20.026,1124.075,213
Woody East,8/1/2019 10:49:01,87.6416,20.021,1123.76,213
Woody East,8/1/2019 10:49:03,87.6416,20.007,1123.663,213
Woody East,8/1/2019 10:49:05,87.6416,19.999,1123.64,213
Woody East,8/1/2019 10:49:07,87.6416,19.993,1123.799,213
Woody East,8/1/2019 10:49:09,87.6416,19.991,1123.636,213
Woody East,8/1/2019 10:49:11,87.6416,19.986,1123.726,213
Woody East,8/1/2019 10:49:13,87.6416,19.982,1123.683,213
Woody East,8/1/2019 10:49:15,87.6416,19.985,1123.848,213
Woody East,8/1/2019 10:49:17,87.6416,19.991,1123.903,213
Woody East,8/1/2019 10:49:19,87.6416,19.997,1123.991,213
Woody East,8/1/2019 10:49:21,87.6416,20.004,1124.014,213
Woody East,8/1/2019 10:49:23,87.6416,20.011,1124.109,213
Woody East,8/1/2019 10:49:25,87.6416,20.025,1124.278,213
Woody East,8/1/2019 10:49:27,87.6416,20.034,1124.234,213
Woody East,8/1/2019 10:49:29,87.6416,20.041,1124.225,213
Woody East,8/1/2019 10:49:31,87.6416,20.048,1124.397,213
Woody East,8/1/2019 10:49:33,87.6416,20.063,1124.646,213
Woody East,8/1/2019 10:49:35,87.6416,20.08,1124.776,213
Woody East,8/1/2019 10:49:37,87.6416,20.094,1124.692,213
Woody East,8/1/2019 10:49:39,87.6416,20.099,1124.586,213
Woody East,8/1/2019 10:49:41,87.6416,20.096,1124.328,213
Woody East,8/1/2019 10:49:43,87.6416,20.088,1124.364,213
Woody East,8/1/2019 10:49:45,87.6416,20.089,1124.572,213
Woody East,8/1/2019 10:49:47,87.6416,20.097,1124.743,213
Woody East,8/1/2019 10:49:49,87.6416,20.104,1124.613,213
Woody East,8/1/2019 10:49:51,87.6416,20.106,1124.642,213
Woody East,8/1/2019 10:49:53,87.6416,20.11,1124.686,213
Woody East,8/1/2019 10:49:55,87.6416,20.112,1124.7,213
Woody East,8/1/2019 10:49:57,87.6416,20.116,1124.683,213
Woody East,8/1/2019 10:49:59,87.6416,20.115,1124.623,213
Woody East,8/1/2019 10:50:01,87.6416,20.109,1124.384,213
Woody East,8/1/2019 10:50:03,87.6416,20.105,1124.706,213
Woody East,8/1/2019 10:50:05,87.6416,20.118,1124.994,213
Woody East,8/1/2019 10:50:07,87.6416,20.131,1124.985,213
Woody East,8/1/2019 10:50:09,87.6416,20.14,1124.925,213
Woody East,8/1/2019 10:50:11,87.6416,20.144,1124.941,213
Woody East,8/1/2019 10:50:13,87.6416,20.149,1125.007,213
Woody East,8/1/2019 10:50:15,87.6416,20.154,1124.95,213
Woody East,8/1/2019 10:50:17,87.6416,20.158,1125.115,213
Woody East,8/1/2019 10:50:19,87.6416,20.172,1125.366,213
Woody East,8/1/2019 10:50:21,87.6416,20.183,1125.251,213
Woody East,8/1/2019 10:50:23,87.6416,20.185,1125.089,213
Woody East,8/1/2019 10:50:25,87.6416,20.184,1125.086,213
Woody East,8/1/2019 10:50:27,87.6416,20.181,1125.018,213
Woody East,8/1/2019 10:50:29,87.6416,20.18,1125.134,213
Woody East,8/1/2019 10:50:31,87.6416,20.188,1125.373,213
Woody East,8/1/2019 10:50:33,87.6416,20.195,1125.293,213
Woody East,8/1/2019 10:50:35,87.6416,20.199,1125.385,213
Woody East,8/1/2019 10:50:37,87.6416,20.203,1125.239,213
Woody East,8/1/2019 10:50:39,87.6416,20.204,1125.273,213
Woody East,8/1/2019 10:50:41,87.6416,20.201,1125.099,213
Woody East,8/1/2019 10:50:43,87.6416,20.19,1124.955,213
Woody East,8/1/2019 10:50:45,87.6416,20.181,1124.911,213
Woody East,8/1/2019 10:50:47,87.6416,20.174,1124.96,213
Woody East,8/1/2019 10:50:49,87.6416,20.167,1124.802,213
Woody East,8/1/2019 10:50:51,87.6416,20.163,1125.057,213
Woody East,8/1/2019 10:50:53,87.6416,20.168,1125.117,213
Woody East,8/1/2019 10:50:55,87.6416,20.176,1125.304,213
Woody East,8/1/2019 10:50:57,87.6416,20.193,1125.564,213
Woody East,8/1/2019 10:50:59,87.6416,20.205,1125.391,213
Woody East,8/1/2019 10:51:01,87.6416,20.207,1125.24,213
Woody East,8/1/2019 10:51:03,87.6416,20.206,1125.386,213
Woody East,8/1/2019 10:51:05,87.6416,20.217,1125.617,213
Woody East,8/1/2019 10:51:07,87.6416,20.227,1125.611,213
Woody East,8/1/2019 10:51:09,87.6416,20.234,1125.451,213
Woody East,8/1/2019 10:51:11,87.6416,20.23,1125.464,213
Woody East,8/1/2019 10:51:13,87.6416,20.235,1125.582,213
Woody East,8/1/2019 10:51:15,87.6416,20.239,1125.599,213
Woody East,8/1/2019 10:51:17,87.6416,20.251,1125.929,213
Woody East,8/1/2019 10:51:19,87.6416,20.264,1125.836,213
Woody East,8/1/2019 10:51:21,87.6416,20.264,1125.576,213
Woody East,8/1/2019 10:51:23,87.6416,20.26,1125.524,213
Woody East,8/1/2019 10:51:25,87.6416,20.249,1125.249,213
Woody East,8/1/2019 10:51:27,87.6416,20.232,1125.121,213
Woody East,8/1/2019 10:51:29,87.6416,20.218,1125.121,213
Woody East,8/1/2019 10:51:31,87.6416,20.206,1124.947,213
Woody East,8/1/2019 10:51:33,87.6416,20.186,1124.778,213
Woody East,8/1/2019 10:51:35,87.6416,20.178,1125.061,213
Woody East,8/1/2019 10:51:37,87.6416,20.176,1124.913,213
Woody East,8/1/2019 10:51:39,87.6416,20.167,1124.867,213
Woody East,8/1/2019 10:51:41,87.6416,20.165,1124.995,213
Woody East,8/1/2019 10:51:43,87.6416,20.165,1125.031,213
Woody East,8/1/2019 10:51:45,87.6416,20.171,1125.134,213
Woody East,8/1/2019 10:51:47,87.6416,20.174,1125.125,213
Woody East,8/1/2019 10:51:49,87.6416,20.18,1125.307,213
Woody East,8/1/2019 10:51:51,87.6416,20.198,1125.677,213
Woody East,8/1/2019 10:51:53,87.6416,20.224,1125.939,213
Woody East,8/1/2019 10:51:55,87.6416,20.245,1125.943,213
Woody East,8/1/2019 10:51:57,87.6416,20.26,1125.799,213
Woody East,8/1/2019 10:51:59,87.6416,20.264,1125.78,213
Woody East,8/1/2019 10:52:01,87.6416,20.272,1125.893,213
Woody East,8/1/2019 10:52:03,87.6416,20.274,1125.724,213
Woody East,8/1/2019 10:52:05,87.6416,20.274,1125.777,213
Woody East,8/1/2019 10:52:07,87.6416,20.278,1125.789,213
Woody East,8/1/2019 10:52:09,87.6416,20.277,1125.845,213
Woody East,8/1/2019 10:52:11,87.6416,20.282,1125.923,213
Woody East,8/1/2019 10:52:13,87.6416,20.291,1126.084,213
Woody East,8/1/2019 10:52:15,87.6416,20.302,1126.21,213
Woody East,8/1/2019 10:52:17,87.6416,20.319,1126.388,213
Woody East,8/1/2019 10:52:19,87.6416,20.334,1126.488,213
Woody East,8/1/2019 10:52:21,87.6416,20.345,1126.381,213
Woody East,8/1/2019 10:52:23,87.6416,20.347,1126.212,213
Woody East,8/1/2019 10:52:25,87.6416,20.346,1126.215,213
Woody East,8/1/2019 10:52:27,87.6416,20.344,1126.208,213
Woody East,8/1/2019 10:52:29,87.6416,20.35,1126.383,213
Woody East,8/1/2019 10:52:31,87.6416,20.351,1126.284,213
Woody East,8/1/2019 10:52:33,87.6416,20.353,1126.321,213
Woody East,8/1/2019 10:52:35,87.6416,20.349,1126.105,213
Woody East,8/1/2019 10:52:37,87.6416,20.342,1126.026,213
Woody East,8/1/2019 10:52:39,87.6416,20.328,1125.718,213
Woody East,8/1/2019 10:52:41,87.6416,20.309,1125.648,213
Woody East,8/1/2019 10:52:43,87.6416,20.294,1125.56,213
Woody East,8/1/2019 10:52:45,87.6416,20.286,1125.796,213
Woody East,8/1/2019 10:52:47,87.6416,20.29,1126.042,213
Woody East,8/1/2019 10:52:49,87.6416,20.295,1125.974,213
Woody East,8/1/2019 10:52:51,87.6416,20.302,1126.068,213
Woody East,8/1/2019 10:52:53,87.6416,20.302,1125.827,213
Woody East,8/1/2019 10:52:55,87.6416,20.295,1125.707,213
Woody East,8/1/2019 10:52:57,87.6416,20.292,1125.933,213
Woody East,8/1/2019 10:52:59,87.6416,20.301,1126.148,213
Woody East,8/1/2019 10:53:01,87.6416,20.307,1126.1,213
Woody East,8/1/2019 10:53:03,87.6416,20.314,1126.157,213
Woody East,8/1/2019 10:53:05,87.6416,20.312,1125.881,213
Woody East,8/1/2019 10:53:07,87.6416,20.306,1125.882,213
Woody East,8/1/2019 10:53:09,87.6416,20.307,1126.073,213
Woody East,8/1/2019 10:53:11,87.6416,20.309,1126.022,213
Woody East,8/1/2019 10:53:13,87.6416,20.311,1126.041,213
Woody East,8/1/2019 10:53:15,87.6416,20.313,1126.006,213
Woody East,8/1/2019 10:53:17,87.6416,20.31,1125.908,213
Woody East,8/1/2019 10:53:19,87.6416,20.307,1125.953,213
Woody East,8/1/2019 10:53:21,87.6416,20.307,1126.005,213
Woody East,8/1/2019 10:53:23,87.6416,20.311,1126.124,213
Woody East,8/1/2019 10:53:25,87.6416,20.313,1125.98,213
Woody East,8/1/2019 10:53:27,87.6416,20.309,1125.885,213
Woody East,8/1/2019 10:53:29,87.6416,20.308,1126.028,213
Woody East,8/1/2019 10:53:31,87.6416,20.309,1125.959,213
Woody East,8/1/2019 10:53:33,87.6416,20.311,1126.09,213
Woody East,8/1/2019 10:53:35,87.6416,20.311,1125.897,213
Woody East,8/1/2019 10:53:37,87.6416,20.307,1125.944,213
Woody East,8/1/2019 10:53:39,87.6416,20.309,1126.058,213
Woody East,8/1/2019 10:53:41,87.6416,20.314,1126.106,213
Woody East,8/1/2019 10:53:43,87.6416,20.321,1126.288,213
Woody East,8/1/2019 10:53:45,87.6416,20.333,1126.434,213
Woody East,8/1/2019 10:53:47,87.6416,20.347,1126.573,213
Woody East,8/1/2019 10:53:49,87.6416,20.366,1126.779,213
Woody East,8/1/2019 10:53:51,87.6416,20.385,1126.911,213
Woody East,8/1/2019 10:53:53,87.6416,20.403,1127.026,213
Woody East,8/1/2019 10:53:55,87.6416,20.419,1126.97,213
Woody East,8/1/2019 10:53:57,87.6416,20.423,1126.764,213
Woody East,8/1/2019 10:53:59,87.6416,20.416,1126.497,213
Woody East,8/1/2019 10:54:01,87.6416,20.406,1126.445,213
Woody East,8/1/2019 10:54:03,87.6416,20.391,1126.211,213
Woody East,8/1/2019 10:54:05,87.6416,20.379,1126.338,213
Woody East,8/1/2019 10:54:07,87.6416,20.38,1126.545,213
Woody East,8/1/2019 10:54:09,87.6416,20.379,1126.422,213
Woody East,8/1/2019 10:54:11,87.6416,20.383,1126.606,213
Woody East,8/1/2019 10:54:13,87.6416,20.387,1126.641,213
Woody East,8/1/2019 10:54:15,87.6416,20.392,1126.617,213
Woody East,8/1/2019 10:54:17,87.6416,20.393,1126.515,213
Woody East,8/1/2019 10:54:19,87.6416,20.385,1126.339,213
Woody East,8/1/2019 10:54:21,87.6416,20.377,1126.226,213
Woody East,8/1/2019 10:54:23,87.6416,20.361,1125.956,213
Woody East,8/1/2019 10:54:25,87.6416,20.355,1126.454,213
Woody East,8/1/2019 10:54:27,87.6416,20.37,1126.721,213
Woody East,8/1/2019 10:54:29,87.6416,20.385,1126.869,213
Woody East,8/1/2019 10:54:31,87.6416,20.405,1127.124,213
Woody East,8/1/2019 10:54:33,87.6416,20.427,1127.082,213
Woody East,8/1/2019 10:54:35,87.6416,20.435,1127.008,213
Woody East,8/1/2019 10:54:37,87.6416,20.442,1127.066,213
Woody East,8/1/2019 10:54:39,87.6416,20.451,1127.155,213
Woody East,8/1/2019 10:54:41,87.6416,20.456,1126.985,213
Woody East,8/1/2019 10:54:43,87.6416,20.452,1126.857,213
Woody East,8/1/2019 10:54:45,87.6416,20.443,1126.652,213
Woody East,8/1/2019 10:54:47,87.6416,20.427,1126.492,213
Woody East,8/1/2019 10:54:49,87.6416,20.411,1126.289,213
Woody East,8/1/2019 10:54:51,87.6416,20.392,1126.229,213
Woody East,8/1/2019 10:54:53,87.6416,20.379,1126.173,213
Woody East,8/1/2019 10:54:55,87.6416,20.362,1126.035,213
Woody East,8/1/2019 10:54:57,87.6416,20.356,1126.404,213
Woody East,8/1/2019 10:54:59,87.6416,20.362,1126.455,213
Woody East,8/1/2019 10:55:01,87.6416,20.365,1126.437,213
Woody East,8/1/2019 10:55:03,87.6416,20.374,1126.669,213
Woody East,8/1/2019 10:55:05,87.6416,20.381,1126.54,213
Woody East,8/1/2019 10:55:07,87.6416,20.38,1126.376,213
Woody East,8/1/2019 10:55:09,87.6416,20.375,1126.457,213
Woody East,8/1/2019 10:55:11,87.6416,20.384,1126.785,213
Woody East,8/1/2019 10:55:13,87.6416,20.399,1126.971,213
Woody East,8/1/2019 10:55:15,87.6416,20.415,1126.989,213
Woody East,8/1/2019 10:55:17,87.6416,20.425,1126.942,213
Woody East,8/1/2019 10:55:19,87.6416,20.43,1126.91,213
Woody East,8/1/2019 10:55:21,87.6416,20.432,1126.813,213
Woody East,8/1/2019 10:55:23,87.6416,20.428,1126.74,213
Woody East,8/1/2019 10:55:25,87.6416,20.429,1126.789,213
Woody East,8/1/2019 10:55:27,87.6416,20.425,1126.683,213
Woody East,8/1/2019 10:55:29,87.6416,20.419,1126.586,213
Woody East,8/1/2019 10:55:31,87.6416,20.413,1126.593,213
Woody East,8/1/2019 10:55:33,87.6416,20.404,1126.411,213
Woody East,8/1/2019 10:55:35,87.6416,20.397,1126.517,213
Woody East,8/1/2019 10:55:37,87.6416,20.388,1126.244,213
Woody East,8/1/2019 10:55:39,87.6416,20.374,1126.254,213
Woody East,8/1/2019 10:55:41,87.6416,20.369,1126.318,213
Woody East,8/1/2019 10:55:43,87.6416,20.37,1126.487,213
Woody East,8/1/2019 10:55:45,87.6416,20.373,1126.498,213
Woody East,8/1/2019 10:55:47,87.6416,20.38,1126.74,213
Woody East,8/1/2019 10:55:49,87.6416,20.4,1127.125,213
Woody East,8/1/2019 10:55:51,87.6416,20.422,1127.132,213
Woody East,8/1/2019 10:55:53,87.6416,20.435,1127.058,213
Woody East,8/1/2019 10:55:55,87.6416,20.44,1126.909,213
Woody East,8/1/2019 10:55:57,87.6416,20.439,1126.881,213
Woody East,8/1/2019 10:55:59,87.6416,20.439,1126.854,213
Woody East,8/1/2019 10:56:01,87.6416,20.439,1127.01,213
Woody East,8/1/2019 10:56:03,87.6416,20.448,1126.985,213
Woody East,8/1/2019 10:56:05,87.6416,20.441,1126.681,213
Woody East,8/1/2019 10:56:07,87.6416,20.431,1126.671,213
Woody East,8/1/2019 10:56:09,87.6416,20.428,1126.786,213
Woody East,8/1/2019 11:06:35,87.6416,20.981,1130.75,213
Woody East,8/1/2019 11:06:37,87.6416,20.988,1130.923,213
Woody East,8/1/2019 11:06:39,87.6416,20.998,1130.974,213
Woody East,8/1/2019 11:06:41,87.6416,21.005,1130.915,213
Woody East,8/1/2019 11:06:43,87.6416,21.013,1130.852,213
Woody East,8/1/2019 11:06:45,87.6416,21.009,1130.685,213
Woody East,8/1/2019 11:06:47,87.6416,21,1130.517,213
Woody East,8/1/2019 11:06:49,87.6416,20.99,1130.595,213
Woody East,8/1/2019 11:06:51,87.6416,20.983,1130.435,213
Woody East,8/1/2019 11:06:53,87.6416,20.974,1130.655,213
Woody East,8/1/2019 11:06:55,87.6416,20.983,1130.882,213
Woody East,8/1/2019 11:06:57,87.6416,20.984,1130.558,213
Woody East,8/1/2019 11:06:59,87.6416,20.981,1130.644,213
Woody East,8/1/2019 11:07:01,87.6416,20.987,1130.859,213
Woody East,8/1/2019 11:07:03,87.6416,20.987,1130.564,213
Woody East,8/1/2019 11:07:05,87.6416,20.977,1130.391,213
Woody East,8/1/2019 11:07:07,87.6416,20.968,1130.432,213
Woody East,8/1/2019 11:07:09,87.6416,20.966,1130.602,213
Woody East,8/1/2019 11:07:11,87.6416,20.97,1130.642,213
Woody East,8/1/2019 11:07:13,87.6416,20.974,1130.752,213
Woody East,8/1/2019 11:07:15,87.6416,20.987,1131.024,213
Woody East,8/1/2019 11:07:17,87.6416,21.002,1131.041,213
Woody East,8/1/2019 11:07:19,87.6416,21.012,1131.139,213
Woody East,8/1/2019 11:07:21,87.6416,21.025,1131.177,213
Woody East,8/1/2019 11:07:23,87.6416,21.033,1131.217,213
Woody East,8/1/2019 11:07:25,87.6416,21.047,1131.511,213
Woody East,8/1/2019 11:07:27,87.6416,21.069,1131.808,213
Woody East,8/1/2019 11:07:29,87.6416,21.093,1131.831,213
Woody East,8/1/2019 11:07:31,87.6416,21.11,1131.873,213
Woody East,8/1/2019 11:07:33,87.6416,21.119,1131.665,213
Woody East,8/1/2019 11:07:35,87.6416,21.114,1131.363,213
Woody East,8/1/2019 11:07:37,87.6416,21.102,1131.355,213
Woody East,8/1/2019 11:07:39,87.6416,21.104,1131.7,213
Woody East,8/1/2019 11:07:41,87.6416,21.114,1131.755,213
Woody East,8/1/2019 11:07:43,87.6416,21.115,1131.501,213
Woody East,8/1/2019 11:07:45,87.6416,21.106,1131.197,213
Woody East,8/1/2019 11:07:48,87.6416,21.07,1130.708,213
Woody East,8/1/2019 11:07:50,87.6416,21.045,1130.661,213
Woody East,8/1/2019 11:07:52,87.6416,21.033,1130.907,213
Woody East,8/1/2019 11:07:54,87.6416,21.028,1130.839,213
Woody East,8/1/2019 11:07:56,87.6416,21.02,1130.696,213
Woody East,8/1/2019 11:07:58,87.6416,21.005,1130.603,213
Woody East,8/1/2019 11:08:00,87.6416,20.997,1130.607,213
Woody East,8/1/2019 11:08:02,87.6416,20.992,1130.652,213
Woody East,8/1/2019 11:08:04,87.6416,20.991,1130.786,213
Woody East,8/1/2019 11:08:06,87.6416,20.998,1131.001,213
Woody East,8/1/2019 11:08:08,87.6416,21.013,1131.2,213
Woody East,8/1/2019 11:08:10,87.6416,21.024,1131.106,213
Woody East,8/1/2019 11:08:12,87.6416,21.033,1131.163,213
Woody East,8/1/2019 11:08:14,87.6416,21.032,1130.918,213
Woody East,8/1/2019 11:08:16,87.6416,21.029,1130.941,213
Woody East,8/1/2019 11:08:18,87.6416,21.029,1131.118,213
Woody East,8/1/2019 11:08:20,87.6416,21.041,1131.395,213
Woody East,8/1/2019 11:08:22,87.6416,21.057,1131.537,213
Woody East,8/1/2019 11:08:24,87.6416,21.066,1131.391,213
Woody East,8/1/2019 11:08:26,87.6416,21.07,1131.266,213
Woody East,8/1/2019 11:08:28,87.6416,21.066,1131.152,213
Woody East,8/1/2019 11:08:30,87.6416,21.064,1131.16,213
Woody East,8/1/2019 11:08:32,87.6416,21.062,1131.253,213
Woody East,8/1/2019 11:08:34,87.6416,21.071,1131.565,213
Woody East,8/1/2019 11:08:36,87.6416,21.085,1131.732,213
Woody East,8/1/2019 11:08:38,87.6416,21.102,1131.885,213
Woody East,8/1/2019 11:08:40,87.6416,21.121,1131.898,213
Woody East,8/1/2019 11:08:42,87.6416,21.133,1132.025,213
Woody East,8/1/2019 11:08:44,87.6416,21.151,1132.271,213
Woody East,8/1/2019 11:08:46,87.6416,21.171,1132.369,213
Woody East,8/1/2019 11:08:48,87.6416,21.191,1132.437,213
Woody East,8/1/2019 11:08:50,87.6416,21.201,1132.381,213
Woody East,8/1/2019 11:08:52,87.6416,21.207,1132.232,213
Woody East,8/1/2019 11:08:54,87.6416,21.197,1131.815,213
Woody East,8/1/2019 11:08:56,87.6416,21.183,1131.818,213
Woody East,8/1/2019 11:08:58,87.6416,21.17,1131.698,213
Woody East,8/1/2019 11:09:00,87.6416,21.158,1131.624,213
Woody East,8/1/2019 11:09:02,87.6416,21.147,1131.666,213
Woody East,8/1/2019 11:09:04,87.6416,21.142,1131.696,213
Woody East,8/1/2019 11:09:06,87.6416,21.139,1131.748,213
Woody East,8/1/2019 11:09:08,87.6416,21.139,1131.682,213
Woody East,8/1/2019 11:09:10,87.6416,21.135,1131.67,213
Woody East,8/1/2019 11:09:12,87.6416,21.132,1131.623,213
Woody East,8/1/2019 11:09:14,87.6416,21.125,1131.438,213
Woody East,8/1/2019 11:09:16,87.6416,21.112,1131.388,213
Woody East,8/1/2019 11:09:18,87.6416,21.111,1131.665,213
Woody East,8/1/2019 11:09:20,87.6416,21.122,1131.937,213
Woody East,8/1/2019 11:09:22,87.6416,21.133,1131.959,213
Woody East,8/1/2019 11:09:24,87.6416,21.146,1132.121,213
Woody East,8/1/2019 11:09:26,87.6416,21.161,1132.192,213
Woody East,8/1/2019 11:09:28,87.6416,21.174,1132.289,213
Woody East,8/1/2019 11:09:30,87.6416,21.184,1132.239,213
Woody East,8/1/2019 11:09:32,87.6416,21.189,1132.17,213
Woody East,8/1/2019 11:09:34,87.6416,21.193,1132.254,213
Woody East,8/1/2019 11:09:36,87.6416,21.204,1132.506,213
Woody East,8/1/2019 11:09:38,87.6416,21.214,1132.418,213
Woody East,8/1/2019 11:09:40,87.6416,21.223,1132.648,213
Woody East,8/1/2019 11:09:42,87.6416,21.24,1132.76,213
Woody East,8/1/2019 11:09:44,87.6416,-12.431,934.26,213
Woody East,8/1/2019 11:09:46,87.6416,-12.309,934.872,213
Woody East,8/1/2019 11:09:48,87.6416,-12.771,932.548,213
Woody East,8/1/2019 11:09:50,87.6416,-12.77,932.628,213
Woody East,8/1/2019 11:09:52,87.6416,-12.773,932.423,213
Woody East,8/1/2019 11:09:54,87.6416,-12.777,932.53,213
Woody East,8/1/2019 11:09:56,87.6416,-12.779,932.389,213
Woody East,8/1/2019 11:09:58,87.6416,-12.791,932.26,213
Woody East,8/1/2019 11:10:00,87.6416,-12.806,932.163,213
Woody East,8/1/2019 11:10:02,87.6416,-12.817,932.25,213
Woody East,8/1/2019 11:10:04,87.6416,-12.82,932.286,213
Woody East,8/1/2019 11:10:06,87.6416,-12.818,932.536,213
Woody East,8/1/2019 11:10:08,87.6416,-12.793,932.749,213
Woody East,8/1/2019 11:10:10,87.6416,-12.775,932.845,213
Woody East,8/1/2019 11:15:56,94.8416,-12.686,933.114,213
Woody East,8/1/2019 11:15:58,94.8416,-12.667,933.449,213
Woody East,8/1/2019 11:16:00,94.8416,-12.642,933.529,213
Woody East,8/1/2019 11:16:02,94.8416,-12.626,933.564,213
Woody East,8/1/2019 11:16:04,94.8416,-12.607,933.496,213
Woody East,8/1/2019 11:16:06,94.8416,-12.598,933.593,213
Woody East,8/1/2019 11:16:08,94.8416,-12.588,933.584,213
Woody East,8/1/2019 11:16:10,94.8416,-12.585,933.52,213
Woody East,8/1/2019 11:16:12,94.8416,-12.582,933.583,213
Woody East,8/1/2019 11:16:14,94.8416,-12.569,933.832,213
Woody East,8/1/2019 11:16:16,94.8416,-12.551,933.948,213
Woody East,8/1/2019 11:16:18,94.8416,-12.532,934.043,213
Woody East,8/1/2019 11:16:20,94.8416,-12.515,934,213
Woody East,8/1/2019 11:16:22,94.8416,-12.518,933.601,213
Woody East,8/1/2019 11:16:24,94.8416,-12.533,933.638,213
Woody East,8/1/2019 11:16:26,94.8416,-12.544,933.415,213
Woody East,8/1/2019 11:16:28,94.8416,-12.563,933.314,213
Woody East,8/1/2019 11:16:30,94.8416,-12.578,933.399,213
Woody East,8/1/2019 11:16:32,94.8416,-12.587,933.334,213
Woody East,8/1/2019 11:16:34,94.8416,-12.595,933.3,213
Woody East,8/1/2019 11:16:36,94.8416,-12.602,933.414,213
Woody East,8/1/2019 11:16:38,94.8416,-12.594,933.485,213
Woody East,8/1/2019 11:16:40,94.8416,-12.592,933.534,213
Woody East,8/1/2019 11:16:42,94.8416,-12.592,933.365,213
Woody East,8/1/2019 11:16:44,94.8416,-12.593,933.502,213
Woody East,8/1/2019 11:16:46,94.8416,-12.59,933.502,213
Woody East,8/1/2019 11:16:48,94.8416,-12.593,933.279,213
Woody East,8/1/2019 11:16:50,94.8416,-12.604,933.327,213
Woody East,8/1/2019 11:16:52,94.8416,-12.597,933.576,213
Woody East,8/1/2019 11:16:54,94.8416,-12.585,933.772,213
Woody East,8/1/2019 11:16:56,94.8416,-12.565,933.899,213
Woody East,8/1/2019 11:16:58,94.8416,-12.547,933.924,213
Woody East,8/1/2019 11:17:00,94.8416,-12.53,934.01,213
Woody East,8/1/2019 11:17:02,94.8416,-12.511,934.228,213
Woody East,8/1/2019 11:17:04,94.8416,-12.482,934.503,213
Woody East,8/1/2019 11:17:06,94.8416,-12.449,934.503,213
Woody East,8/1/2019 11:17:08,94.8416,-12.436,934.399,213
Woody East,8/1/2019 11:17:10,94.8416,-12.427,934.383,213
Woody East,8/1/2019 11:17:12,94.8416,-12.424,934.316,213
Woody East,8/1/2019 11:17:14,94.8416,-12.419,934.451,213
Woody East,8/1/2019 11:17:16,94.8416,-12.405,934.581,213
Woody East,8/1/2019 11:17:18,94.8416,-12.402,934.304,213
Woody East,8/1/2019 11:17:20,94.8416,-12.421,933.911,213
Woody East,8/1/2019 11:17:22,94.8416,-12.448,933.729,213
Woody East,8/1/2019 11:17:24,94.8416,-12.485,933.405,213
Woody East,8/1/2019 11:17:26,94.8416,-12.527,933.047,213
Woody East,8/1/2019 11:17:28,94.8416,-12.568,933.032,213
Woody East,8/1/2019 11:17:30,94.8416,-12.597,933.117,213
Woody East,8/1/2019 11:17:32,94.8416,-12.609,933.306,213
Woody East,8/1/2019 11:17:34,94.8416,-12.606,933.48,213
Woody East,8/1/2019 11:17:36,94.8416,-12.603,933.474,213
Woody East,8/1/2019 11:17:38,94.8416,-12.596,933.569,213
Woody East,8/1/2019 11:17:40,94.8416,-12.581,933.817,213
Woody East,8/1/2019 11:17:42,94.8416,-12.564,933.706,213
Woody East,8/1/2019 11:17:44,94.8416,-12.567,933.443,213
Woody East,8/1/2019 11:17:46,94.8416,-12.583,933.268,213
Woody East,8/1/2019 11:17:48,94.8416,-12.588,933.492,213
Woody East,8/1/2019 11:17:50,94.8416,-12.587,933.462,213
Woody East,8/1/2019 11:17:52,94.8416,-12.585,933.586,213
Woody East,8/1/2019 11:17:54,94.8416,-12.581,933.534,213
Woody East,8/1/2019 11:17:56,94.8416,-12.58,933.543,213
Woody East,8/1/2019 11:17:58,94.8416,-12.579,933.528,213
Woody East,8/1/2019 11:18:00,94.8416,-12.569,933.794,213
Woody East,8/1/2019 11:18:02,94.8416,-12.557,933.794,213
Woody East,8/1/2019 11:18:04,94.8416,-12.548,933.816,213
Woody East,8/1/2019 11:18:06,94.8416,-12.539,933.812,213
Woody East,8/1/2019 11:18:08,94.8416,-12.544,933.562,213
Woody East,8/1/2019 11:18:10,94.8416,-12.54,933.988,213
Woody East,8/1/2019 11:18:12,94.8416,-12.529,933.842,213
Woody East,8/1/2019 11:18:14,94.8416,-12.52,933.965,213
Woody East,8/1/2019 11:18:16,94.8416,-12.514,933.979,213
Woody East,8/1/2019 11:18:18,94.8416,-12.501,934.133,213
Woody East,8/1/2019 11:18:20,94.8416,-12.482,934.293,213
Woody East,8/1/2019 11:18:22,94.8416,-12.472,934.175,213
Woody East,8/1/2019 11:18:24,94.8416,-12.466,933.979,213
Woody East,8/1/2019 11:18:26,94.8416,-12.478,933.957,213
Woody East,8/1/2019 11:18:28,94.8416,-12.474,934.213,213
Woody East,8/1/2019 11:18:30,94.8416,-12.458,934.348,213
Woody East,8/1/2019 11:18:32,94.8416,-12.447,934.321,213
Woody East,8/1/2019 11:18:34,94.8416,-12.438,934.388,213
Woody East,8/1/2019 11:18:36,94.8416,-12.424,934.534,213
Woody East,8/1/2019 11:18:38,94.8416,-12.417,934.325,213
Woody East,8/1/2019 11:18:40,94.8416,-12.422,934.215,213
Woody East,8/1/2019 11:18:42,94.8416,-12.427,934.193,213
Woody East,8/1/2019 11:18:44,94.8416,-12.434,934.115,213
Woody East,8/1/2019 11:18:46,94.8416,-12.435,934.319,213
Woody East,8/1/2019 11:18:48,94.8416,-12.426,934.531,213
Woody East,8/1/2019 11:18:50,94.8416,-12.406,934.639,213
Woody East,8/1/2019 11:18:52,94.8416,-12.393,934.544,213
Woody East,8/1/2019 11:18:54,94.8416,-12.396,934.194,213
Woody East,8/1/2019 11:18:56,94.8416,-12.421,933.892,213
Woody East,8/1/2019 11:18:58,94.8416,-12.445,933.791,213
Woody East,8/1/2019 11:19:00,94.8416,-12.463,934.065,213
Woody East,8/1/2019 11:19:02,94.8416,-12.457,934.302,213
Woody East,8/1/2019 11:19:04,94.8416,-12.451,934.242,213
Woody East,8/1/2019 11:19:06,94.8416,-12.445,934.219,213
Woody East,8/1/2019 11:19:08,94.8416,-12.447,934.176,213
Woody East,8/1/2019 11:19:10,94.8416,-12.447,934.199,213
Woody East,8/1/2019 11:19:12,94.8416,-12.45,934.084,213
Woody East,8/1/2019 11:19:14,94.8416,-12.456,934.028,213
Woody East,8/1/2019 11:19:16,94.8416,-12.462,934.049,213
Woody East,8/1/2019 11:19:18,94.8416,-12.469,933.852,213
Woody East,8/1/2019 11:19:20,94.8416,-12.486,933.684,213
Woody East,8/1/2019 11:19:22,94.8416,-12.505,933.608,213
Woody East,8/1/2019 11:19:24,94.8416,-12.524,933.593,213
Woody East,8/1/2019 11:19:26,94.8416,-12.532,933.702,213
Woody East,8/1/2019 11:19:28,94.8416,-12.539,933.634,213
Woody East,8/1/2019 11:19:30,94.8416,-12.538,933.751,213
Woody East,8/1/2019 11:19:32,94.8416,-12.546,933.487,213
Woody East,8/1/2019 11:19:34,94.8416,-12.56,933.352,213
Woody East,8/1/2019 11:19:36,94.8416,-12.57,933.562,213
Woody East,8/1/2019 11:19:38,94.8416,-12.565,933.612,213
Woody East,8/1/2019 11:19:40,94.8416,-12.567,933.569,213
Woody East,8/1/2019 11:19:42,94.8416,-12.562,933.756,213
Woody East,8/1/2019 11:19:44,94.8416,-12.549,933.86,213
Woody East,8/1/2019 11:19:46,94.8416,-12.54,933.817,213
Woody East,8/1/2019 11:19:48,94.8416,-12.531,933.98,213
Woody East,8/1/2019 11:19:50,94.8416,-12.508,934.324,213
Woody East,8/1/2019 11:19:52,94.8416,-12.484,934.211,213
Woody East,8/1/2019 11:19:54,94.8416,-12.468,934.352,213
Woody East,8/1/2019 11:22:20,94.8416,-12.381,934.486,213
Woody East,8/1/2019 11:22:22,94.8416,-12.388,934.288,213
Woody East,8/1/2019 11:22:24,94.8416,-12.391,934.492,213
Woody East,8/1/2019 11:22:26,94.8416,-12.391,934.442,213
Woody East,8/1/2019 11:22:28,94.8416,-12.388,934.496,213
Woody East,8/1/2019 11:22:30,94.8416,-12.389,934.442,213
Woody East,8/1/2019 11:22:32,94.8416,-12.386,934.599,213
Woody East,8/1/2019 11:22:34,94.8416,-12.379,934.634,213
Woody East,8/1/2019 11:22:36,94.8416,-12.378,934.389,213
Woody East,8/1/2019 11:22:38,94.8416,-12.388,934.329,213
Woody East,8/1/2019 11:22:40,94.8416,-12.401,934.245,213
Woody East,8/1/2019 11:22:42,94.8416,-12.401,934.585,213
Woody East,8/1/2019 11:22:44,94.8416,-12.382,934.731,213
Woody East,8/1/2019 11:22:46,94.8416,-12.379,934.372,213
Woody East,8/1/2019 11:22:48,94.8416,-12.395,934.168,213
Woody East,8/1/2019 11:22:50,94.8416,-12.408,934.256,213
Woody East,8/1/2019 11:22:52,94.8416,-12.415,934.24,213
Woody East,8/1/2019 11:22:54,94.8416,-12.415,934.436,213
Woody East,8/1/2019 11:22:56,94.8416,-12.416,934.176,213
Woody East,8/1/2019 11:22:58,94.8416,-12.426,934.148,213
Woody East,8/1/2019 11:23:00,94.8416,-12.437,933.966,213
Woody East,8/1/2019 11:23:02,94.8416,-12.46,933.701,213
Woody East,8/1/2019 11:23:04,94.8416,-12.478,933.887,213
Woody East,8/1/2019 11:23:06,94.8416,-12.482,934.031,213
Woody East,8/1/2019 11:23:08,94.8416,-12.474,934.283,213
Woody East,8/1/2019 11:23:10,94.8416,-12.451,934.567,213
Woody East,8/1/2019 11:23:12,94.8416,-12.421,934.802,213
Woody East,8/1/2019 11:23:14,94.8416,-12.389,934.899,213
Woody East,8/1/2019 11:23:16,94.8416,-12.372,934.729,213
Woody East,8/1/2019 11:23:18,94.8416,-12.366,934.608,213
Woody East,8/1/2019 11:23:20,94.8416,-12.365,934.628,213
Woody East,8/1/2019 11:23:22,94.8416,-12.37,934.5,213
Woody East,8/1/2019 11:23:24,94.8416,-12.367,934.69,213
Woody East,8/1/2019 11:23:26,94.8416,-12.37,934.38,213
Woody East,8/1/2019 11:23:28,94.8416,-12.39,934.136,213
Woody East,8/1/2019 11:23:30,94.8416,-12.421,933.698,213
Woody East,8/1/2019 11:23:32,94.8416,-12.46,933.583,213
Woody East,8/1/2019 11:23:34,94.8416,-12.491,933.568,213
Woody East,8/1/2019 11:23:36,94.8416,-12.51,933.733,213
Woody East,8/1/2019 11:23:38,94.8416,-12.509,933.977,213
Woody East,8/1/2019 11:23:40,94.8416,-12.497,934.129,213
Woody East,8/1/2019 11:23:42,94.8416,-12.478,934.378,213
Woody East,8/1/2019 11:23:44,94.8416,-12.46,934.306,213
Woody East,8/1/2019 11:23:46,94.8416,-12.44,934.528,213
Woody East,8/1/2019 11:23:48,94.8416,-12.417,934.742,213
Woody East,8/1/2019 11:23:50,94.8416,-12.394,934.805,213
Woody East,8/1/2019 11:23:52,94.8416,-12.372,934.77,213
Woody East,8/1/2019 11:23:54,94.8416,-12.37,934.581,213
Woody East,8/1/2019 11:23:56,94.8416,-12.36,934.901,213
Woody East,8/1/2019 11:23:58,94.8416,-12.339,935.021,213
Woody East,8/1/2019 11:24:00,94.8416,-12.32,935.162,213
Woody East,8/1/2019 11:24:02,94.8416,-12.289,935.47,213
Woody East,8/1/2019 11:24:04,94.8416,-12.261,935.433,213
Woody East,8/1/2019 11:24:06,94.8416,-12.242,935.459,213
Woody East,8/1/2019 11:24:08,94.8416,-12.226,935.529,213
Woody East,8/1/2019 11:24:10,94.8416,-12.216,935.371,213
Woody East,8/1/2019 11:24:12,94.8416,-12.237,934.721,213
Woody East,8/1/2019 11:24:14,94.8416,-12.266,934.809,213
Woody East,8/1/2019 11:24:16,94.8416,-12.279,934.834,213
Woody East,8/1/2019 11:24:18,94.8416,-12.284,935.033,213
Woody East,8/1/2019 11:24:20,94.8416,-12.281,935.034,213
Woody East,8/1/2019 11:24:22,94.8416,-12.28,935.038,213
Woody East,8/1/2019 11:24:24,94.8416,-12.278,935.021,213
Woody East,8/1/2019 11:24:26,94.8416,-12.279,935.071,213
Woody East,8/1/2019 11:24:28,94.8416,-12.272,935.164,213
Woody East,8/1/2019 11:24:30,94.8416,-12.274,934.886,213
Woody East,8/1/2019 11:24:32,94.8416,-12.298,934.443,213
Woody East,8/1/2019 11:24:34,94.8416,-12.327,934.44,213
Woody East,8/1/2019 11:24:36,94.8416,-12.346,934.463,213
Woody East,8/1/2019 11:24:38,94.8416,-12.354,934.546,213
Woody East,8/1/2019 11:24:40,94.8416,-12.369,934.219,213
Woody East,8/1/2019 11:24:42,94.8416,-12.4,933.973,213
Woody East,8/1/2019 11:24:44,94.8416,-12.413,934.307,213
Woody East,8/1/2019 11:24:46,94.8416,-12.416,934.359,213
Woody East,8/1/2019 11:24:48,94.8416,-12.415,934.279,213
Woody East,8/1/2019 11:24:50,94.8416,-12.425,934.11,213
Woody East,8/1/2019 11:24:52,94.8416,-12.434,934.132,213
Woody East,8/1/2019 11:24:54,94.8416,-12.432,934.433,213
Woody East,8/1/2019 11:24:56,94.8416,-12.413,934.699,213
Woody East,8/1/2019 11:24:58,94.8416,-12.387,934.913,213
Woody East,8/1/2019 11:36:43,94.8416,-39.298,812.295,213
Woody East,8/1/2019 11:36:45,94.8416,-16.134,915.97,213
Woody East,8/1/2019 11:36:47,94.8416,-16.288,915.222,213
Woody East,8/1/2019 11:36:49,94.8416,-16.279,915.553,213
Woody East,8/1/2019 11:36:51,94.8416,-16.248,916.111,213
Woody East,8/1/2019 11:36:53,94.8416,-16.193,916.576,213
Woody East,8/1/2019 11:36:55,94.8416,-16.116,917.262,213
Woody East,8/1/2019 11:36:57,94.8416,-16.036,917.723,213
Woody East,8/1/2019 11:36:59,94.8416,-15.944,918.338,213
