data_well_name,id,data_hour,data_bhp,data_tubing_psi,data_csg_psi,data_choke_size,data_sep_psi,data_oil_rate,data_water_rate,data_gas_rate,data_flowline_psi,data_chlorides,data_sand_percent,data_h2s,data_remarks,water_cut,gas_oil_ratio,total_fluid_bph,total_fluid_bpd,water_24,oil_24,,,,,,,,
PINK11H,25564,1,1,0,2190,18,0,0,117,0,0,0,0,0,0,0,0,117,2808,2808,0,,,,,,,,
PINK11H,25565,2,1,0,2195,18,0,0,117,0,0,0,0,0,0,0,0,117,2808,2808,0,,,,,,,,
PINK11H,25566,3,1,0,2215,20,0,0,118,0,0,0,0,0,Increased Choke to 20,0,0,118,2832,2832,0,,,,,,,,
PINK11H,25567,4,1,0,2240,20,0,0,118,0,0,0,0,0,0,0,0,118,2832,2832,0,,,,,,,,
PINK11H,25568,5,1,0,2255,20,0,0,120,0,0,0,0,0,0,0,0,120,2880,2880,0,,,,,,,,
PINK11H,25569,6,1,0,2235,20,0,0,120,0,0,0,0,0,0,0,0,120,2880,2880,0,,,,,,,,
PINK11H,25570,7,1,0,2230,20,0,0,121,0,0,0,0,0,0,0,0,121,2904,2904,0,,,,,,,,
PINK11H,25571,8,1,0,2205,20,0,0,125,0,0,0,0,0,0,0,0,125,3000,3000,0,,,,,,,,
PINK11H,25572,9,1,0,2170,22,0,0,131,0,0,0,0,0,Increased Choke to 22,0,0,131,3144,3144,0,,,,,,,,
PINK11H,25573,10,1,0,2180,22,0,0,131,0,0,0,0,0,0,0,0,131,3144,3144,0,,,,,,,,
PINK11H,25574,11,1,0,2200,22,0,0,130,0,0,0,0,0,0,0,0,130,3120,3120,0,,,,,,,,
PINK11H,25575,12,1,0,2210,22,0,0,130,0,0,0,0,0,0,0,0,130,3120,3120,0,,,,,,,,
PINK11H,25576,13,1,0,2225,22,0,0,130,0,0,0,0,0,0,0,0,130,3120,3120,0,,,,,,,,
PINK11H,25577,14,1,0,2250,24,0,0,126,0,0,0,0,0,0,0,0,126,3024,3024,0,,,,,,,,
PINK11H,25578,15,1,0,2245,24,0,0,123,0,0,0,0,0,0,0,0,123,2952,2952,0,,,,,,,,
PINK11H,25579,16,1,0,2200,24,0,0,125,0,0,0,0,0,0,0,0,125,3000,3000,0,,,,,,,,
PINK11H,25580,17,1,0,2200,24,0,0,120,0,0,0,0,0,0,0,0,120,2880,2880,0,,,,,,,,
PINK11H,25581,18,1,0,2200,24,100,0,123,411,100,0,0,0,0,0,0,123,2952,2952,0,,,,,,,,
PINK11H,25582,19,1,0,2215,24,100,0,116,282,100,0,0,0,0,0,0,116,2784,2784,0,,,,,,,,
PINK11H,25583,20,1,0,2195,24,100,0,114,0,100,15167,0,0,0,0,0,114,2736,2736,0,,,,,,,,
PINK11H,25584,21,1,0,2170,24,100,0,115,0,100,15167,0,0,0,0,0,115,2760,2760,0,,,,,,,,
PINK11H,25585,22,1,0,2145,24,100,0,117,0,100,15167,0,0,0,0,0,117,2808,2808,0,,,,,,,,
PINK11H,25586,23,1,0,2145,24,100,0,120,0,100,15167,0,0,0,0,0,120,2880,2880,0,,,,,,,,
PINK11H,25587,24,1,0,2150,24,100,0,117,0,100,15167,0,0,0,0,0,117,2808,2808,0,,,,,,,,
PINK11H,25588,25,1,0,2145,26,100,0,128,382,100,15167,0,0,0,0,0,128,3072,3072,0,,,,,,,,
PINK11H,25589,26,1,0,2205,26,100,21,105,350,100,15167,0,0,0,83.33,694.44,126,3024,2520,504,,,,,,,,
PINK11H,25590,27,1,0,2175,26,100,41,99,360,100,15167,0,0,0,70.71,365.85,140,3360,2376,984,,,,,,,,
PINK11H,25591,28,1,0,2165,26,100,35,148,864,100,15167,0,0,0,80.87,1028.57,183,4392,3552,840,,,,,,,,
PINK11H,25592,29,1,0,2150,26,100,42,107,912,100,15167,0,0,0,71.81,904.76,149,3576,2568,1008,,,,,,,,
PINK11H,25593,30,1,0,2126,26,100,37,127,816,100,15167,0,0,0,77.44,918.92,164,3936,3048,888,,,,,,,,
PINK11H,25594,31,1,0,2110,26,100,32,132,816,100,15167,0,0,0,80.49,1062.5,164,3936,3168,768,,,,,,,,
PINK11H,25595,32,1,0,2110,26,100,35,129,792,100,15167,0,0,0,78.66,942.86,164,3936,3096,840,,,,,,,,
PINK11H,25596,33,1,0,2105,26,100,40,127,840,100,15167,0,0,0,76.05,875,167,4008,3048,960,,,,,,,,
PINK11H,25597,34,1,0,2105,26,100,40,127,840,100,15167,0,0,0,76.05,875,167,4008,3048,960,,,,,,,,
PINK11H,25598,35,1,0,2100,26,100,36,140,810,100,15167,0,0,0,79.55,937.5,176,4224,3360,864,,,,,,,,
PINK11H,25599,36,1,0,2095,26,100,30,123,768,100,15167,0,0,0,80.39,1066.67,153,3672,2952,720,,,,,,,,
PINK11H,25600,37,1,0,2090,26,100,38,116,864,100,15167,0,0,0,75.32,947.37,154,3696,2784,912,,,,,,,,
PINK11H,25601,38,1,0,2085,26,100,32,121,840,100,15167,0,0,0,79.08,1093.75,153,3672,2904,768,,,,,,,,
PINK11H,25602,39,1,0,2080,26,100,36,131,855,100,15167,0,0,0,78.44,989.58,167,4008,3144,864,,,,,,,,
PINK11H,25603,40,1,0,2070,26,100,33,137,873,100,15167,0,0,0,80.59,1102.27,170,4080,3288,792,,,,,,,,
PINK11H,25604,41,1,0,2065,26,100,37,132,865,100,15167,0,0,0,78.11,974.1,169,4056,3168,888,,,,,,,,
PINK11H,25605,42,1,0,2060,26,100,33,131,860,100,15167,0,0,0,79.88,1085.86,164,3936,3144,792,,,,,,,,
PINK11H,25606,43,1,0,2055,26,100,30,134,893,100,15167,0,0,0,81.71,1240.28,164,3936,3216,720,,,,,,,,
PINK11H,25607,44,1,0,2050,26,100,41,122,845,100,15167,0,0,0,74.85,858.74,163,3912,2928,984,,,,,,,,
PINK11H,25608,45,1,0,2040,28,100,47,134,931,100,15167,0.5,0,0,74.03,825.35,181,4344,3216,1128,,,,,,,,
PINK11H,25609,46,1,0,2030,28,100,40,165,916,100,15167,0.5,0,0,80.49,954.17,205,4920,3960,960,,,,,,,,
PINK11H,25610,47,1,0,2020,28,100,38,151,926,100,15167,0.5,0,0,79.89,1015.35,189,4536,3624,912,,,,,,,,
PINK11H,25611,48,1,0,2010,28,100,39,155,995,100,15167,0.5,0,0,79.9,1063.03,194,4656,3720,936,,,,,,,,
PINK11H,25612,49,1,0,2000,28,100,47,147,951,100,15167,0.5,0,0,75.77,843.09,194,4656,3528,1128,,,,,,,,
PINK11H,25613,50,1,0,1990,28,100,43,152,886,100,15167,0.5,0,0,77.95,858.53,195,4680,3648,1032,,,,,,,,
PINK11H,25614,51,1,0,1985,28,100,42,153,912,100,15167,0.5,0,0,78.46,904.76,195,4680,3672,1008,,,,,,,,
PINK11H,25615,52,1,0,1980,28,100,55,140,1008,100,15167,0.5,0,0,71.79,763.64,195,4680,3360,1320,,,,,,,,
PINK11H,25616,53,1,0,1970,30,100,48,184,936,100,15167,0.5,0,0,79.31,812.5,232,5568,4416,1152,,,,,,,,
PINK11H,25617,54,1,0,1965,30,100,42,191,1032,100,15167,0.5,0,0,81.97,1023.81,233,5592,4584,1008,,,,,,,,
PINK11H,25618,55,1,0,1965,30,100,44,157,1128,100,15167,0.5,0,0,78.11,1068.18,201,4824,3768,1056,,,,,,,,
PINK11H,25619,56,1,0,1950,30,100,45,169,1120,100,15167,1,0,0,78.97,1037.04,214,5136,4056,1080,,,,,,,,
PINK11H,25620,57,1,0,1940,30,100,45,169,1100,100,15167,1,0,0,78.97,1018.52,214,5136,4056,1080,,,,,,,,
PINK11H,25621,58,1,0,1935,30,100,46,173,1072,100,15167,1,0,0,79,971.01,219,5256,4152,1104,,,,,,,,
PINK11H,25622,59,1,0,1930,30,100,43,168,1070,100,15167,1,0,0,79.62,1036.82,211,5064,4032,1032,,,,,,,,
PINK11H,25623,60,1,0,1925,30,100,50,165,1105,100,15167,1,0,0,76.74,920.83,215,5160,3960,1200,,,,,,,,
PINK11H,25624,61,1,0,1920,30,100,45,173,900,100,15167,1,0,0,79.36,833.33,218,5232,4152,1080,,,,,,,,
PINK11H,25625,62,1,0,1915,30,100,49,168,912,100,15167,1,0,0,77.42,775.51,217,5208,4032,1176,,,,,,,,
PINK11H,25626,63,1,0,1910,30,100,40,180,960,100,15167,1,0,0,81.82,1000,220,5280,4320,960,,,,,,,,
PINK11H,25627,64,1,0,1905,30,100,50,169,1056,100,15167,1,0,0,77.17,880,219,5256,4056,1200,,,,,,,,
PINK11H,25628,65,1,0,1900,30,100,45,172,1038,100,15167,1,0,0,79.26,961.11,217,5208,4128,1080,,,,,,,,
PINK11H,25629,66,1,0,1895,30,100,47,174,1056,100,15167,1,0,0,78.73,936.17,221,5304,4176,1128,,,,,,,,
PINK11H,25630,67,1,0,1890,30,100,43,170,1061,100,15167,1,0,0,79.81,1028.1,213,5112,4080,1032,,,,,,,,
PINK11H,25631,68,1,0,1885,30,100,47,164,1058,100,15167,1,0,0,77.73,937.94,211,5064,3936,1128,,,,,,,,
PINK11H,25632,69,1,0,1885,30,100,45,162,1015,100,15167,1,0,0,78.26,939.81,207,4968,3888,1080,,,,,,,,
PINK11H,25633,70,1,0,1880,30,100,48,171,1177,100,15167,1,0,0,78.08,1021.7,219,5256,4104,1152,,,,,,,,
PINK11H,25634,71,1,0,1875,30,100,50,169,1090,100,15167,1,0,0,77.17,908.33,219,5256,4056,1200,,,,,,,,
PINK11H,25635,72,1,0,1870,30,100,47,167,1124,100,15167,1,0,0,78.04,996.45,214,5136,4008,1128,,,,,,,,
PINK11H,25636,73,1,0,1865,30,100,49,169,1156,100,15167,1,0,0,77.52,982.99,218,5232,4056,1176,,,,,,,,
PINK11H,25637,74,1,0,1855,30,100,45,175,1108,100,15167,1,0,0,79.55,1025.93,220,5280,4200,1080,,,,,,,,
PINK11H,25638,75,1,0,1855,30,100,44,159,1056,100,15167,2,0,0,78.33,1000,203,4872,3816,1056,,,,,,,,
PINK11H,25639,76,1,0,1850,30,100,45,167,1104,100,15167,2,0,0,78.77,1022.22,212,5088,4008,1080,,,,,,,,
PINK11H,25640,77,1,0,1845,30,100,48,165,1101,100,15167,2,0,0,77.46,955.73,213,5112,3960,1152,,,,,,,,
PINK11H,25641,78,1,0,1840,30,100,47,166,1098,100,15167,2,0,0,77.93,973.4,213,5112,3984,1128,,,,,,,,
PINK11H,25642,79,1,0,1835,30,100,48,168,1096,100,15167,2,0,0,77.78,951.39,216,5184,4032,1152,,,,,,,,
PINK11H,25643,80,1,0,1835,30,100,48,166,1088,100,15167,2,0,0,77.57,944.44,214,5136,3984,1152,,,,,,,,
PINK11H,25644,81,1,0,1830,30,100,49,164,1104,100,15167,2,0,0,77,938.78,213,5112,3936,1176,,,,,,,,
PINK11H,25645,82,1,0,1830,30,100,46,165,1074,100,15167,2,0,0,78.2,972.83,211,5064,3960,1104,,,,,,,,
PINK11H,25646,83,1,0,1820,30,100,48,163,1080,100,15167,2,0,0,77.25,937.5,211,5064,3912,1152,,,,,,,,
PINK11H,25647,84,1,0,1820,30,100,49,162,1089,100,15167,2,0,0,76.78,926.02,211,5064,3888,1176,,,,,,,,
PINK11H,25648,85,1,0,1815,30,100,45,162,1070,100,15167,2,0,0,78.26,990.74,207,4968,3888,1080,,,,,,,,
PINK11H,25649,86,1,0,1810,30,100,47,166,1042,100,15167,2,0,0,77.93,923.76,213,5112,3984,1128,,,,,,,,
PINK11H,25650,87,1,0,1810,30,100,46,163,1090,100,15167,2,0,0,77.99,987.32,209,5016,3912,1104,,,,,,,,
PINK11H,25651,88,1,0,1805,30,100,49,162,1064,100,15167,2,0,0,76.78,904.76,211,5064,3888,1176,,,,,,,,
PINK11H,25652,89,1,0,1800,30,100,47,164,1105,100,15167,2,0,0,77.73,979.61,211,5064,3936,1128,,,,,,,,
PINK11H,25653,90,1,0,1800,30,100,45,163,1079,100,15167,2,0,0,78.37,999.07,208,4992,3912,1080,,,,,,,,
PINK11H,25654,91,1,0,1795,30,100,48,165,1047,100,15167,2,0,0,77.46,908.85,213,5112,3960,1152,,,,,,,,
PINK11H,25655,92,1,0,1790,30,100,48,161,1025,100,15167,2,0,0,77.03,889.76,209,5016,3864,1152,,,,,,,,
PINK11H,25656,93,1,0,1785,30,100,48,166,1080,100,15167,2,0,0,77.57,937.5,214,5136,3984,1152,,,,,,,,
PINK11H,25657,94,1,0,1780,30,100,46,165,1069,100,15167,2,0,0,78.2,968.3,211,5064,3960,1104,,,,,,,,
PINK11H,25658,95,1,0,1780,30,100,46,164,1067,100,15167,2,0,0,78.1,966.49,210,5040,3936,1104,,,,,,,,
PINK11H,25659,96,1,0,1775,30,100,47,165,1055,100,15167,2,0,0,77.83,935.28,212,5088,3960,1128,,,,,,,,
PINK11H,25660,97,1,0,1775,30,100,48,165,1048,100,15167,2,0,0,77.46,909.72,213,5112,3960,1152,,,,,,,,
PINK11H,25661,98,1,0,1770,30,100,46,166,1144,100,15167,2,0,0,78.3,1036.23,212,5088,3984,1104,,,,,,,,
PINK11H,25662,99,1,0,1770,30,100,47,162,1080,100,15167,2,0,0,77.51,957.45,209,5016,3888,1128,,,,,,,,
PINK11H,25663,100,1,0,1765,30,100,51,163,1152,100,15167,2,0,0,76.17,941.18,214,5136,3912,1224,,,,,,,,
PINK11H,25664,101,1,0,1760,30,100,46,165,1125,100,15167,2,0,0,78.2,1019.02,211,5064,3960,1104,,,,,,,,
PINK11H,25665,102,1,0,1760,30,100,49,160,1141,100,15167,2,0,0,76.56,970.24,209,5016,3840,1176,,,,,,,,
PINK11H,25666,103,1,0,1755,30,100,48,160,1168,100,15167,2,0,0,76.92,1013.89,208,4992,3840,1152,,,,,,,,
PINK11H,25667,104,1,0,1755,30,100,49,158,1155,100,15167,2,0,0,76.33,982.14,207,4968,3792,1176,,,,,,,,
PINK11H,25668,105,1,0,1750,30,100,48,155,1108,100,15167,2,0,0,76.35,961.81,203,4872,3720,1152,,,,,,,,
PINK11H,25669,106,1,0,1745,30,100,50,157,1136,100,15167,2,0,0,75.85,946.67,207,4968,3768,1200,,,,,,,,
PINK11H,25670,107,1,0,1745,30,100,47,156,1124,100,15167,2,0,0,76.85,996.45,203,4872,3744,1128,,,,,,,,
PINK11H,25671,108,1,0,1740,30,100,48,156,1156,100,15167,2,0,0,76.47,1003.47,204,4896,3744,1152,,,,,,,,
PINK11H,25672,109,1,0,1735,30,100,46,150,1032,100,15167,2,0,0,76.53,934.78,196,4704,3600,1104,,,,,,,,
PINK13H,25891,1,1,0,2600,20,100,0,96,227,100,0,0,0,0,0,0,96,2304,2304,0,,,,,,,,
PINK13H,25892,2,1,0,2580,20,100,0,105,287,100,0,0,0,0,0,0,105,2520,2520,0,,,,,,,,
PINK13H,25893,3,1,0,2560,20,100,0,122,299,100,0,0,0,0,0,0,122,2928,2928,0,,,,,,,,
PINK13H,25894,4,1,0,2570,20,100,0,127,470,100,0,0,0,0,0,0,127,3048,3048,0,,,,,,,,
PINK13H,25895,5,1,0,2545,20,100,0,114,489,100,0,0,0,0,0,0,114,2736,2736,0,,,,,,,,
PINK13H,25896,6,1,0,2550,20,100,0,115,431,100,0,0,0,0,0,0,115,2760,2760,0,,,,,,,,
PINK13H,25897,7,1,0,2550,20,100,0,112,476,100,0,0,0,0,0,0,112,2688,2688,0,,,,,,,,
PINK13H,25898,8,1,0,2555,20,100,0,114,501,100,0,0,0,0,0,0,114,2736,2736,0,,,,,,,,
PINK13H,25899,9,1,0,2550,20,100,0,109,538,100,0,0,0,0,0,0,109,2616,2616,0,,,,,,,,
PINK13H,25900,10,1,0,2550,20,100,0,109,588,100,0,0,0,0,0,0,109,2616,2616,0,,,,,,,,
PINK13H,25901,11,1,0,2555,20,100,0,106,601,100,0,0,0,0,0,0,106,2544,2544,0,,,,,,,,
PINK13H,25902,12,1,0,2555,20,100,8,107,656,100,0,0,0,0,93.04,3416.67,115,2760,2568,192,,,,,,,,
PINK13H,25903,13,1,0,2555,20,100,9,104,678,100,0,0,0,0,92.04,3138.89,113,2712,2496,216,,,,,,,,
PINK13H,25904,14,1,0,2550,20,100,10,105,712,100,0,0,0,0,91.3,2966.67,115,2760,2520,240,,,,,,,,
PINK13H,25905,15,1,0,2550,20,100,9,102,677,100,0,0,0,0,91.89,3134.26,111,2664,2448,216,,,,,,,,
PINK13H,25906,16,1,0,2550,20,100,12,108,524,100,0,0,0,0,90,1819.44,120,2880,2592,288,,,,,,,,
PINK13H,25907,17,1,0,2545,20,100,12,110,653,100,0,0,0,0,90.16,2267.36,122,2928,2640,288,,,,,,,,
PINK13H,25908,18,1,0,2535,20,100,11,114,747,100,0,0,0,0,91.2,2829.55,125,3000,2736,264,,,,,,,,
PINK13H,25909,19,1,0,2535,20,100,10,105,688,100,0,0,0,0,91.3,2866.67,115,2760,2520,240,,,,,,,,
PINK13H,25910,20,1,0,2530,20,100,11,108,782,100,0,0,0,0,90.76,2962.12,119,2856,2592,264,,,,,,,,
PINK13H,25911,21,1,0,2530,20,100,10,106,745,100,0,0,0,0,91.38,3104.17,116,2784,2544,240,,,,,,,,
PINK13H,25912,22,1,0,2555,20,100,10,108,677,100,0,0,0,0,91.53,2820.83,118,2832,2592,240,,,,,,,,
PINK13H,25913,23,1,0,2540,20,100,12,102,712,100,0,0,0,0,89.47,2472.22,114,2736,2448,288,,,,,,,,
PINK13H,25914,24,1,0,2550,20,100,13,100,646,100,0,0,0,0,88.5,2070.51,113,2712,2400,312,,,,,,,,
PINK13H,25915,25,1,0,2550,20,100,13,100,711,100,0,0,0,0,88.5,2278.85,113,2712,2400,312,,,,,,,,
PINK13H,25916,26,1,0,2545,20,100,13,101,720,100,0,0,0,0,88.6,2307.69,114,2736,2424,312,,,,,,,,
PINK13H,25917,27,1,0,2545,20,100,14,99,444,100,0,0,0,0,87.61,1321.43,113,2712,2376,336,,,,,,,,
PINK13H,25918,28,1,0,2545,20,100,12,98,478,100,0,0,0,0,89.09,1659.72,110,2640,2352,288,,,,,,,,
PINK13H,25919,29,1,0,2540,20,100,15,97,360,100,0,0,0,0,86.61,1000,112,2688,2328,360,,,,,,,,
PINK13H,25920,30,1,0,2545,20,100,14,99,312,100,0,0,0,0,87.61,928.57,113,2712,2376,336,,,,,,,,
PINK13H,25921,31,1,0,2540,20,100,14,101,264,100,0,0,0,0,87.83,785.71,115,2760,2424,336,,,,,,,,
PINK13H,25922,32,1,0,2540,20,100,13,100,315,100,0,0.5,0,0,88.5,1009.62,113,2712,2400,312,,,,,,,,
PINK13H,25923,33,1,0,2550,20,100,17,100,384,100,0,0.5,0,0,85.47,941.18,117,2808,2400,408,,,,,,,,
PINK13H,25924,34,1,0,2545,20,100,15,96,391,100,0,0.5,0,0,86.49,1086.11,111,2664,2304,360,,,,,,,,
PINK13H,25925,35,1,0,2550,20,100,15,96,391,100,0,0.5,0,0,86.49,1086.11,111,2664,2304,360,,,,,,,,
PINK13H,25926,36,1,0,2545,20,100,17,98,348,100,0,0.5,0,0,85.22,852.94,115,2760,2352,408,,,,,,,,
PINK13H,25927,37,1,0,2540,20,100,16,100,336,100,0,0.5,0,0,86.21,875,116,2784,2400,384,,,,,,,,
PINK13H,25928,38,1,0,2545,20,100,17,100,343,100,0,0.5,0,0,85.47,840.69,117,2808,2400,408,,,,,,,,
PINK13H,25929,39,1,0,2540,20,100,16,102,402,100,0,0.5,0,0,86.44,1046.88,118,2832,2448,384,,,,,,,,
PINK13H,25930,40,1,0,2535,20,100,17,101,435,100,0,0.5,0,0,85.59,1066.18,118,2832,2424,408,,,,,,,,
PINK13H,25931,41,1,0,2515,22,100,18,137,877,100,0,0.5,0,0,88.39,2030.09,155,3720,3288,432,,,,,,,,
PINK13H,25932,42,1,0,2550,24,100,25,142,911,100,0,0.5,0,0,85.03,1518.33,167,4008,3408,600,,,,,,,,
PINK13H,25933,43,1,0,2575,24,100,25,145,988,100,0,0.5,0,0,85.29,1646.67,170,4080,3480,600,,,,,,,,
PINK13H,25934,44,1,0,2575,24,100,24,141,884,100,0,0.5,0,0,85.45,1534.72,165,3960,3384,576,,,,,,,,
PINK13H,25935,45,1,0,2565,24,100,29,136,865,100,27866,0.5,0,0,82.42,1242.82,165,3960,3264,696,,,,,,,,
PINK13H,25936,46,1,0,2555,24,100,28,133,880,100,27866,0.5,0,0,82.61,1309.52,161,3864,3192,672,,,,,,,,
PINK13H,25937,47,1,0,2545,24,100,26,134,902,100,27866,0.5,0,0,83.75,1445.51,160,3840,3216,624,,,,,,,,
PINK13H,25938,48,1,0,2535,24,100,27,136,828,100,27866,0.5,0,0,83.44,1277.78,163,3912,3264,648,,,,,,,,
PINK13H,25939,49,1,0,2530,24,100,29,135,845,100,27866,0.5,0,0,82.32,1214.08,164,3936,3240,696,,,,,,,,
PINK13H,25940,50,1,0,2520,24,100,28,130,867,100,27866,0.5,0,0,82.28,1290.18,158,3792,3120,672,,,,,,,,
PINK13H,25941,51,1,0,2510,24,100,26,145,985,100,27866,0.5,0,0,84.8,1578.53,171,4104,3480,624,,,,,,,,
PINK13H,25942,52,1,0,2510,24,100,28,141,672,100,27866,0.5,0,0,83.43,1000,169,4056,3384,672,,,,,,,,
PINK13H,25943,53,1,0,2515,24,100,27,139,672,100,27866,0.5,0,0,83.73,1037.04,166,3984,3336,648,,,,,,,,
PINK13H,25944,54,1,0,2515,24,100,26,140,667,100,27866,0.5,0,0,84.34,1068.91,166,3984,3360,624,,,,,,,,
PINK13H,25945,55,1,0,2510,24,100,27,136,648,100,27866,0.5,0,0,83.44,1000,163,3912,3264,648,,,,,,,,
PINK13H,25946,56,1,0,2510,24,100,26,135,645,100,27866,0.5,0,0,83.85,1033.65,161,3864,3240,624,,,,,,,,
PINK13H,25947,57,1,0,2505,24,100,30,134,651,100,27866,0.5,0,0,81.71,904.17,164,3936,3216,720,,,,,,,,
PINK13H,25948,58,1,0,2505,24,100,27,138,647,100,27866,0.5,0,0,83.64,998.46,165,3960,3312,648,,,,,,,,
PINK13H,25949,59,1,0,2495,24,100,31,137,672,100,27866,0.5,0,0,81.55,903.23,168,4032,3288,744,,,,,,,,
PINK13H,25950,60,1,0,2490,24,100,27,141,648,100,27866,0.5,0,0,83.93,1000,168,4032,3384,648,,,,,,,,
PINK13H,25951,61,1,0,2490,24,100,28,135,674,100,27866,0.5,0,0,82.82,1002.98,163,3912,3240,672,,,,,,,,
PINK13H,25952,62,1,0,2485,24,100,29,136,680,100,27866,0.5,0,0,82.42,977.01,165,3960,3264,696,,,,,,,,
PINK13H,25953,63,1,0,2480,24,100,29,137,698,100,27866,0.5,0,0,82.53,1002.87,166,3984,3288,696,,,,,,,,
PINK13H,25954,64,1,0,2485,24,100,28,134,704,100,27866,0.5,0,0,82.72,1047.62,162,3888,3216,672,,,,,,,,
PINK13H,25955,65,1,0,2475,26,100,35,163,1076,100,27866,0.5,0,0,82.32,1280.95,198,4752,3912,840,,,,,,,,
PINK13H,25956,66,1,0,2480,26,100,35,164,1153,100,27866,0.5,0,0,82.41,1372.62,199,4776,3936,840,,,,,,,,
PINK13H,25957,67,1,0,2455,27,100,42,170,1121,100,27866,0.5,0,0,80.19,1112.1,212,5088,4080,1008,,,,,,,,
PINK13H,25958,68,1,0,2455,27,100,38,169,1283,100,27866,0.5,0,0,81.64,1406.8,207,4968,4056,912,,,,,,,,
PINK13H,25959,69,1,0,2450,27,100,41,171,1128,100,27866,0.5,0,0,80.66,1146.34,212,5088,4104,984,,,,,,,,
PINK13H,25960,70,1,0,2450,27,100,40,168,1065,100,27866,0.5,0,0,80.77,1109.38,208,4992,4032,960,,,,,,,,
PINK13H,25961,71,1,0,2445,27,100,42,175,1099,100,27866,0.5,0,0,80.65,1090.28,217,5208,4200,1008,,,,,,,,
PINK13H,25962,72,1,0,2440,27,100,39,172,1141,100,27866,0.5,0,0,81.52,1219.02,211,5064,4128,936,,,,,,,,
PINK13H,25963,73,1,0,2440,27,100,40,174,1058,100,27866,0.5,0,0,81.31,1102.08,214,5136,4176,960,,,,,,,,
PINK13H,25964,74,1,0,2435,27,100,38,177,1163,100,27866,0.5,0,0,82.33,1275.22,215,5160,4248,912,,,,,,,,
PINK13H,25965,75,1,0,2430,27,100,39,169,1085,100,27866,0.5,0,0,81.25,1159.19,208,4992,4056,936,,,,,,,,
PINK13H,25966,76,1,0,2425,27,100,40,170,998,100,27866,0.5,0,0,80.95,1039.58,210,5040,4080,960,,,,,,,,
PINK13H,25967,77,1,0,2425,27,100,38,176,1006,100,27866,0.5,0,0,82.24,1103.07,214,5136,4224,912,,,,,,,,
PINK13H,25968,78,1,0,2420,27,100,41,173,1011,100,27866,0.5,0,0,80.84,1027.44,214,5136,4152,984,,,,,,,,
PINK13H,25969,79,1,0,2415,27,100,39,175,1010,100,27866,0.5,0,0,81.78,1079.06,214,5136,4200,936,,,,,,,,
PINK13H,25970,80,1,0,2410,27,100,40,173,984,100,27866,0.5,0,0,81.22,1025,213,5112,4152,960,,,,,,,,
PINK13H,25971,81,1,0,2410,27,100,40,170,992,100,27866,0.5,0,0,80.95,1033.33,210,5040,4080,960,,,,,,,,
PINK13H,25972,82,1,0,2400,27,100,41,168,1024,100,27866,0.5,0,0,80.38,1040.65,209,5016,4032,984,,,,,,,,
PINK13H,25973,83,1,0,2410,27,100,40,173,1019,100,27866,0.5,0,0,81.22,1061.46,213,5112,4152,960,,,,,,,,
PINK13H,25974,84,1,0,2410,27,100,41,172,1008,100,27866,0.5,0,0,80.75,1024.39,213,5112,4128,984,,,,,,,,
PINK13H,25975,85,1,0,2400,27,100,41,173,1023,100,27866,0.5,0,0,80.84,1039.63,214,5136,4152,984,,,,,,,,
PINK13H,25976,86,1,0,2400,27,100,40,172,1030,100,27866,0.5,0,0,81.13,1072.92,212,5088,4128,960,,,,,,,,
PINK13H,25977,87,1,0,2395,27,100,39,170,1051,100,27866,0.5,0,0,81.34,1122.86,209,5016,4080,936,,,,,,,,
PINK13H,25978,88,1,0,2390,27,100,40,171,1115,100,27866,0.5,0,0,81.04,1161.46,211,5064,4104,960,,,,,,,,
PINK13H,25979,89,1,0,2375,29,100,44,188,1274,100,27866,0.5,0,0,81.03,1206.44,232,5568,4512,1056,,,,,,,,
PINK13H,25980,90,1,0,2370,29,100,45,191,1315,100,27866,0.5,0,0,80.93,1217.59,236,5664,4584,1080,,,,,,,,
PINK13H,25981,91,1,0,2365,29,100,43,187,1208,100,27866,0.5,0,0,81.3,1170.54,230,5520,4488,1032,,,,,,,,
PINK13H,25982,92,1,0,2360,29,100,45,190,1249,100,27866,0.5,0,0,80.85,1156.48,235,5640,4560,1080,,,,,,,,
PINK13H,25983,93,1,0,2355,29,100,47,190,1241,100,27866,0.5,0,0,80.17,1100.18,237,5688,4560,1128,,,,,,,,
PINK13H,25984,94,1,0,2355,29,100,46,189,1255,100,27866,0.5,0,0,80.43,1136.78,235,5640,4536,1104,,,,,,,,
PINK13H,25985,95,1,0,2350,29,100,48,191,1267,100,27866,0.5,0,0,79.92,1099.83,239,5736,4584,1152,,,,,,,,
PINK13H,25986,96,1,0,2345,29,100,45,188,1284,100,27866,0.5,0,0,80.69,1188.89,233,5592,4512,1080,,,,,,,,
PINK13H,25987,97,1,0,2340,29,100,47,192,1305,100,27866,0.5,0,0,80.33,1156.91,239,5736,4608,1128,,,,,,,,
PINK13H,25988,98,1,0,2335,29,100,48,190,1239,100,27866,0.5,0,0,79.83,1075.52,238,5712,4560,1152,,,,,,,,
PINK13H,25989,99,1,0,2335,29,100,48,193,1248,100,27866,0.5,0,0,80.08,1083.33,241,5784,4632,1152,,,,,,,,
PINK13H,25990,100,1,0,2330,29,100,49,196,1320,100,27866,0.5,0,0,80,1122.45,245,5880,4704,1176,,,,,,,,
PINK13H,25991,101,1,0,2330,29,100,48,195,1236,100,27866,0.5,0,0,80.25,1072.92,243,5832,4680,1152,,,,,,,,
PINK13H,25992,102,1,0,2325,29,100,48,192,1303,100,27866,0.5,0,0,80,1131.08,240,5760,4608,1152,,,,,,,,
PINK13H,25993,103,1,0,2325,29,100,48,191,1224,100,27866,0.5,0,0,79.92,1062.5,239,5736,4584,1152,,,,,,,,
PINK13H,25994,104,1,0,2325,29,100,49,192,1224,100,27866,0.5,0,0,79.67,1040.82,241,5784,4608,1176,,,,,,,,
PINK13H,25995,105,1,0,2320,29,90,48,190,1248,90,27866,0.5,0,0,79.83,1083.33,238,5712,4560,1152,,,,,,,,
PINK13H,25996,106,1,0,2320,29,90,48,191,1289,90,27866,0.5,0,0,79.92,1118.92,239,5736,4584,1152,,,,,,,,
PINK13H,25997,107,1,0,2315,29,90,47,193,1236,90,27866,0.5,0,0,80.42,1095.74,240,5760,4632,1128,,,,,,,,
PINK13H,25998,108,1,0,2315,29,90,48,190,1236,90,27866,0.5,0,0,79.83,1072.92,238,5712,4560,1152,,,,,,,,
PINK13H,25999,109,1,0,2310,29,90,47,189,1200,90,27866,0.5,0,0,80.08,1063.83,236,5664,4536,1128,,,,,,,,
PINK14H,26109,1,1,0,2255,20,80,0,93,168,80,0,0,0,0,0,0,93,2232,2232,0,,,,,,,,
PINK14H,26110,2,1,0,2255,20,80,0,90,245,80,0,0,0,Purged Vessel at battery and started flaring gas at production facility.,0,0,90,2160,2160,0,,,,,,,,
PINK14H,26111,3,1,0,2215,20,80,0,108,515,80,0,0,0,0,0,0,108,2592,2592,0,,,,,,,,
PINK14H,26112,4,1,0,2205,20,80,0,112,336,80,0,0,0,Started making oil cut on well.,0,0,112,2688,2688,0,,,,,,,,
PINK14H,26113,5,1,0,2215,20,80,0,120,338,80,0,0,0,0,0,0,120,2880,2880,0,,,,,,,,
PINK14H,26114,6,1,0,2205,20,80,0,117,346,80,0,0,0,0,0,0,117,2808,2808,0,,,,,,,,
PINK14H,26115,7,1,0,2190,20,80,0,117,306,80,0,0,0,0,0,0,117,2808,2808,0,,,,,,,,
PINK14H,26116,8,1,0,2180,20,80,0,119,445,80,0,0,0,0,0,0,119,2856,2856,0,,,,,,,,
PINK14H,26117,9,1,0,2175,20,80,0,115,336,80,0,0,0,0,0,0,115,2760,2760,0,,,,,,,,
PINK14H,26118,10,1,0,2170,20,80,0,117,375,80,0,0,0,0,0,0,117,2808,2808,0,,,,,,,,
PINK14H,26119,11,1,0,2165,20,80,5,111,464,80,0,0,0,0,95.69,3866.67,116,2784,2664,120,,,,,,,,
PINK14H,26120,12,1,0,2165,20,80,11,107,491,80,0,0,0,0,90.68,1859.85,118,2832,2568,264,,,,,,,,
PINK14H,26121,13,1,0,2175,20,80,11,103,466,80,0,0,0,0,90.35,1765.15,114,2736,2472,264,,,,,,,,
PINK14H,26122,14,1,0,2160,20,80,12,100,403,80,0,0,0,opened choke to 21/128,89.29,1399.31,112,2688,2400,288,,,,,,,,
PINK14H,26123,15,1,0,2150,21,80,13,105,498,80,0,0,0,0,88.98,1596.15,118,2832,2520,312,,,,,,,,
PINK14H,26124,16,1,0,2145,21,80,13,104,473,80,0,0,0,0,88.89,1516.03,117,2808,2496,312,,,,,,,,
PINK14H,26125,17,1,0,2145,21,80,12,107,484,80,0,0,0,0,89.92,1680.56,119,2856,2568,288,,,,,,,,
PINK14H,26126,18,1,0,2105,24,120,16,147,786,120,0,0,0,opened choke to 24/128,90.18,2046.88,163,3912,3528,384,,,,,,,,
PINK14H,26127,19,1,0,2115,24,120,17,158,804,120,24268,0,0,started sending oil to the battery through production line.,90.29,1970.59,175,4200,3792,408,,,,,,,,
PINK14H,26128,20,1,0,2075,24,120,27,155,778,120,24268,0,0,0,85.16,1200.62,182,4368,3720,648,,,,,,,,
PINK14H,26129,21,1,0,2070,24,120,26,159,812,120,24268,0,0,0,85.95,1301.28,185,4440,3816,624,,,,,,,,
PINK14H,26130,22,1,0,2060,24,120,22,164,778,120,24268,0,0,0,88.17,1473.48,186,4464,3936,528,,,,,,,,
PINK14H,26131,23,1,0,2055,24,120,24,157,832,120,24268,0,0,0,86.74,1444.44,181,4344,3768,576,,,,,,,,
PINK14H,26132,24,1,0,2050,24,120,21,151,796,120,24268,0,0,Started selling gas at the battery instead of flaring at the battery.,87.79,1579.37,172,4128,3624,504,,,,,,,,
PINK14H,26133,25,1,0,2040,24,100,23,156,782,100,24268,0,0,0,87.15,1416.67,179,4296,3744,552,,,,,,,,
PINK14H,26134,26,1,0,2035,24,100,22,158,914,100,24268,0,0,0,87.78,1731.06,180,4320,3792,528,,,,,,,,
PINK14H,26135,27,1,0,2030,24,100,23,152,887,100,24268,0,0,0,86.86,1606.88,175,4200,3648,552,,,,,,,,
PINK14H,26136,28,1,0,2025,24,100,22,154,793,100,24268,0,0,0,87.5,1501.89,176,4224,3696,528,,,,,,,,
PINK14H,26137,29,1,0,2000,26,100,25,168,895,100,24268,0,0,0,87.05,1491.67,193,4632,4032,600,,,,,,,,
PINK14H,26138,30,1,0,1995,26,100,25,156,876,100,24268,0,0,0,86.19,1460,181,4344,3744,600,,,,,,,,
PINK14H,26139,31,1,0,1985,26,100,27,166,915,100,24268,0,0,0,86.01,1412.04,193,4632,3984,648,,,,,,,,
PINK14H,26140,32,1,0,1980,26,100,29,159,989,100,24268,0,0,0,84.57,1420.98,188,4512,3816,696,,,,,,,,
PINK14H,26141,33,1,0,1970,26,100,29,165,1119,100,24268,0,0,0,85.05,1607.76,194,4656,3960,696,,,,,,,,
PINK14H,26142,34,1,0,1965,26,100,28,162,1080,100,24268,0,0,0,85.26,1607.14,190,4560,3888,672,,,,,,,,
PINK14H,26143,35,1,0,1960,26,100,27,164,1044,100,24268,0,0,0,85.86,1611.11,191,4584,3936,648,,,,,,,,
PINK14H,26144,36,1,0,1950,26,100,28,158,1197,100,24268,0,0,0,84.95,1781.25,186,4464,3792,672,,,,,,,,
PINK14H,26145,37,1,0,1940,26,100,27,161,1115,100,24268,0,0,0,85.64,1720.68,188,4512,3864,648,,,,,,,,
PINK14H,26146,38,1,0,1935,26,100,28,159,1210,100,24268,0,0,0,85.03,1800.6,187,4488,3816,672,,,,,,,,
PINK14H,26147,39,1,0,1930,26,100,29,157,1030,100,24268,0,0,0,84.41,1479.89,186,4464,3768,696,,,,,,,,
PINK14H,26148,40,1,0,1925,26,100,27,160,1110,100,24268,0,0,0,85.56,1712.96,187,4488,3840,648,,,,,,,,
PINK14H,26149,41,1,0,1915,26,100,26,155,1098,100,24268,0,0,0,85.64,1759.62,181,4344,3720,624,,,,,,,,
PINK14H,26150,42,1,0,1915,26,100,27,161,896,100,24268,0,0,Started making sand ,85.64,1382.72,188,4512,3864,648,,,,,,,,
PINK14H,26151,43,1,0,1905,26,100,29,154,981,100,24268,0,0,0,84.15,1409.48,183,4392,3696,696,,,,,,,,
PINK14H,26152,44,1,0,1900,26,100,30,154,765,100,24268,0,0,0,83.7,1062.5,184,4416,3696,720,,,,,,,,
PINK14H,26153,45,1,0,1895,26,100,28,155,856,100,24268,0,0,0,84.7,1273.81,183,4392,3720,672,,,,,,,,
PINK14H,26154,46,1,0,1890,28,100,27,156,887,100,24268,0.01,0,Bumped choke up at noon,85.25,1368.83,183,4392,3744,648,,,,,,,,
PINK14H,26155,47,1,0,1855,28,100,32,178,1396,100,24268,0.01,0,0,84.76,1817.71,210,5040,4272,768,,,,,,,,
PINK14H,26156,48,1,0,1850,28,100,34,181,1233,100,24268,0.01,0,0,84.19,1511.03,215,5160,4344,816,,,,,,,,
PINK14H,26157,49,1,0,1820,28,100,31,183,1165,100,24268,0.01,0,Making medium to heavy sand hourly,85.51,1565.86,214,5136,4392,744,,,,,,,,
PINK14H,26158,50,1,0,1825,28,100,32,176,1131,100,24268,0.01,0,0,84.62,1472.66,208,4992,4224,768,,,,,,,,
PINK14H,26159,51,1,0,1825,28,100,30,174,1188,100,24268,0.01,0,0,85.29,1650,204,4896,4176,720,,,,,,,,
PINK14H,26160,52,1,0,1820,28,100,31,176,1204,100,24268,0.01,0,0,85.02,1618.28,207,4968,4224,744,,,,,,,,
PINK14H,26161,53,1,0,1810,28,100,30,170,1310,100,24268,0.01,0,0,85,1819.44,200,4800,4080,720,,,,,,,,
PINK14H,26162,54,1,0,1805,28,100,33,165,1266,100,24268,0.01,0,0,83.33,1598.48,198,4752,3960,792,,,,,,,,
PINK14H,26163,55,1,0,1795,28,100,35,166,1254,100,24268,0.01,0,0,82.59,1492.86,201,4824,3984,840,,,,,,,,
PINK14H,26164,56,1,0,1790,28,100,35,167,1233,100,24268,0.01,0,0,82.67,1467.86,202,4848,4008,840,,,,,,,,
PINK14H,26165,57,1,0,1785,28,100,36,165,1176,100,24268,0.01,0,0,82.09,1361.11,201,4824,3960,864,,,,,,,,
PINK14H,26166,58,1,0,1780,28,100,36,164,1180,100,24268,0.01,0,0,82,1365.74,200,4800,3936,864,,,,,,,,
PINK14H,26167,59,1,0,1775,28,100,33,166,1246,100,24268,0.01,0,0,83.42,1573.23,199,4776,3984,792,,,,,,,,
PINK14H,26168,60,1,0,1770,28,100,35,163,1182,100,24268,0.01,0,0,82.32,1407.14,198,4752,3912,840,,,,,,,,
PINK14H,26169,61,1,0,1760,28,100,36,165,1170,100,24268,0.01,0,0,82.09,1354.17,201,4824,3960,864,,,,,,,,
PINK14H,26170,62,1,0,1755,28,100,36,164,1098,100,24268,0.01,0,0,82,1270.83,200,4800,3936,864,,,,,,,,
PINK14H,26171,63,1,0,1755,28,100,36,163,1155,100,24268,0.01,0,0,81.91,1336.81,199,4776,3912,864,,,,,,,,
PINK14H,26172,64,1,0,1750,28,100,36,165,1171,100,24268,0.01,0,0,82.09,1355.32,201,4824,3960,864,,,,,,,,
PINK14H,26173,65,1,0,1725,30,100,38,178,1203,100,24268,0.01,0,Bumped choke up at 6:05am to a 30/128 choke,82.41,1319.08,216,5184,4272,912,,,,,,,,
PINK14H,26174,66,1,0,1705,30,100,40,185,1256,100,24268,0.01,0,0,82.22,1308.33,225,5400,4440,960,,,,,,,,
PINK14H,26175,67,1,0,1700,30,100,37,187,1145,100,24268,0.01,0,0,83.48,1289.41,224,5376,4488,888,,,,,,,,
PINK14H,26176,68,1,0,1695,30,100,39,182,1246,100,24268,0.01,0,0,82.35,1331.2,221,5304,4368,936,,,,,,,,
PINK14H,26177,69,1,0,1690,30,100,41,179,1301,100,24268,0.01,0,0,81.36,1322.15,220,5280,4296,984,,,,,,,,
PINK14H,26178,70,1,0,1685,30,100,39,177,1237,100,24268,0.01,0,Making medium to heavy sand hourly,81.94,1321.58,216,5184,4248,936,,,,,,,,
PINK14H,26179,71,1,0,1685,30,100,39,174,1217,100,24268,0.01,0,0,81.69,1300.21,213,5112,4176,936,,,,,,,,
PINK14H,26180,72,1,0,1685,30,100,41,176,1188,100,24268,0.01,0,Turned water over to the battery and started using transfer pumps at the battery.,81.11,1207.32,217,5208,4224,984,,,,,,,,
PINK14H,26181,73,1,0,1685,30,100,40,174,1205,100,24268,0.01,0,0,81.31,1255.21,214,5136,4176,960,,,,,,,,
PINK14H,26182,74,1,0,1660,30,100,39,172,1270,100,24268,0.01,0,0,81.52,1356.84,211,5064,4128,936,,,,,,,,
PINK14H,26183,75,1,0,1655,30,100,40,177,1165,100,24268,0.01,0,Still making medium to heavy sand,81.57,1213.54,217,5208,4248,960,,,,,,,,
PINK14H,26184,76,1,0,1650,30,100,40,173,1202,100,24268,0.01,0,0,81.22,1252.08,213,5112,4152,960,,,,,,,,
PINK14H,26185,77,1,0,1645,30,100,42,171,1215,100,24268,0.01,0,0,80.28,1205.36,213,5112,4104,1008,,,,,,,,
PINK14H,26186,78,1,0,1640,30,100,41,172,1187,100,24268,0.01,0,0,80.75,1206.3,213,5112,4128,984,,,,,,,,
PINK14H,26187,79,1,0,1635,30,100,40,170,1264,100,24268,0.01,0,0,80.95,1316.67,210,5040,4080,960,,,,,,,,
PINK14H,26188,80,1,0,1630,30,100,41,173,1237,100,24268,0.01,0,0,80.84,1257.11,214,5136,4152,984,,,,,,,,
PINK14H,26189,81,1,0,1625,30,100,42,170,1190,100,24268,0.01,0,0,80.19,1180.56,212,5088,4080,1008,,,,,,,,
PINK14H,26190,82,1,0,1620,30,100,42,171,1240,100,24268,0.01,0,0,80.28,1230.16,213,5112,4104,1008,,,,,,,,
PINK14H,26191,83,1,0,1615,30,100,40,169,1204,100,24268,0.01,0,0,80.86,1254.17,209,5016,4056,960,,,,,,,,
PINK14H,26192,84,1,0,1615,30,100,42,168,1185,100,24268,0.01,0,0,80,1175.6,210,5040,4032,1008,,,,,,,,
PINK14H,26193,85,1,0,1610,30,100,41,169,1212,100,24268,0.01,0,0,80.48,1231.71,210,5040,4056,984,,,,,,,,
PINK14H,26194,86,1,0,1605,30,100,40,170,1174,100,24268,0.01,0,0,80.95,1222.92,210,5040,4080,960,,,,,,,,
PINK14H,26195,87,1,0,1600,30,100,41,171,1261,100,24268,0.01,0,0,80.66,1281.5,212,5088,4104,984,,,,,,,,
PINK14H,26196,88,1,0,1595,30,100,40,168,1238,100,24268,0.01,0,0,80.77,1289.58,208,4992,4032,960,,,,,,,,
PINK14H,26197,89,1,0,1590,30,100,38,170,1116,100,24268,0.01,0,0,81.73,1223.68,208,4992,4080,912,,,,,,,,
PINK14H,26198,90,1,0,1585,30,100,39,168,889,100,24268,0.01,0,0,81.16,949.79,207,4968,4032,936,,,,,,,,
PINK14H,26199,91,1,0,1580,30,100,41,173,956,100,24268,0.01,0,0,80.84,971.54,214,5136,4152,984,,,,,,,,
PINK14H,26200,92,1,0,1575,30,100,39,167,998,100,24268,0.01,0,Still making medium to heavy sand,81.07,1066.24,206,4944,4008,936,,,,,,,,
PINK14H,26201,93,1,0,1570,30,100,40,165,1024,100,24268,0.01,0,0,80.49,1066.67,205,4920,3960,960,,,,,,,,
PINK14H,26202,94,1,0,1570,30,100,38,160,1074,100,24268,0.01,0,0,80.81,1177.63,198,4752,3840,912,,,,,,,,
PINK14H,26203,95,1,0,1565,30,100,39,165,988,100,24268,0.01,0,0,80.88,1055.56,204,4896,3960,936,,,,,,,,
PINK14H,26204,96,1,0,1560,30,100,37,162,1023,100,24268,0.01,0,0,81.41,1152.03,199,4776,3888,888,,,,,,,,
PINK14H,26205,97,1,0,1550,30,100,39,158,1087,100,24268,0.01,0,0,80.2,1161.32,197,4728,3792,936,,,,,,,,
PINK14H,26206,98,1,0,1535,30,100,38,166,1116,100,24268,0.01,0,0,81.37,1223.68,204,4896,3984,912,,,,,,,,
PINK14H,26207,99,1,0,1520,30,100,37,163,1097,100,24268,0.01,0,0,81.5,1235.36,200,4800,3912,888,,,,,,,,
PINK14H,26208,100,1,0,1505,30,100,39,165,1155,100,24268,0.01,0,Bumped choke up at 6pm to 32/128,80.88,1233.97,204,4896,3960,936,,,,,,,,
PINK14H,26209,101,1,0,1495,32,100,42,172,1291,100,24268,0.01,0,0,80.37,1280.75,214,5136,4128,1008,,,,,,,,
PINK14H,26210,102,1,0,1490,32,100,40,168,1255,100,24268,0.01,0,0,80.77,1307.29,208,4992,4032,960,,,,,,,,
PINK14H,26211,103,1,0,1485,32,100,41,174,1274,100,24268,0.01,0,0,80.93,1294.72,215,5160,4176,984,,,,,,,,
PINK14H,26212,104,1,0,1480,32,100,40,172,1265,100,24268,0.01,0,0,81.13,1317.71,212,5088,4128,960,,,,,,,,
PINK14H,26213,105,1,0,1480,32,100,42,178,1310,100,24268,0.01,0,0,80.91,1299.6,220,5280,4272,1008,,,,,,,,
PINK14H,26214,106,1,0,1475,32,100,41,176,1238,100,24268,0.01,0,0,81.11,1258.13,217,5208,4224,984,,,,,,,,
PINK14H,26215,107,1,0,1465,32,100,40,177,1288,100,24268,0.01,0,0,81.57,1341.67,217,5208,4248,960,,,,,,,,
PINK14H,26216,108,1,0,1460,32,100,41,175,1340,100,24268,0.01,0,0,81.02,1361.79,216,5184,4200,984,,,,,,,,
PINK14H,26217,109,1,0,1455,32,100,40,181,1355,100,24268,0.01,0,0,81.9,1411.46,221,5304,4344,960,,,,,,,,
PINK31H,25782,1,1,0,3490,18,0,0,100,0,0,0,0,0,Well Online 18choke. Intial Shut in 3475#,0,0,100,2400,2400,0,,,,,,,,
PINK31H,25783,2,1,0,3525,18,0,0,100,0,0,0,0,0,0,0,0,100,2400,2400,0,,,,,,,,
PINK31H,25784,3,1,0,3540,18,0,0,100,0,0,0,0,0,0,0,0,100,2400,2400,0,,,,,,,,
PINK31H,25785,4,1,0,3440,18,0,0,100,0,0,0,0,0,0,0,0,100,2400,2400,0,,,,,,,,
PINK31H,25786,5,1,0,3405,20,0,0,120,0,0,0,0,0,Increaesed  to 20 choke,0,0,120,2880,2880,0,,,,,,,,
PINK31H,25787,6,1,0,3420,20,0,0,120,0,0,0,0,0,0,0,0,120,2880,2880,0,,,,,,,,
PINK31H,25788,7,1,0,3425,20,0,0,130,0,0,0,0,0,0,0,0,130,3120,3120,0,,,,,,,,
PINK31H,25789,8,1,0,3405,20,0,0,120,0,0,0,0,0,0,0,0,120,2880,2880,0,,,,,,,,
PINK31H,25790,9,1,0,3400,20,0,0,120,0,0,0,0,0,0,0,0,120,2880,2880,0,,,,,,,,
PINK31H,25791,10,1,0,3400,20,0,0,120,0,0,0,0,0,0,0,0,120,2880,2880,0,,,,,,,,
PINK31H,25792,11,1,0,3390,20,0,0,118,0,0,0,0,0,0,0,0,118,2832,2832,0,,,,,,,,
PINK31H,25793,12,1,0,3365,24,0,0,145,0,0,0,0,0,Well turned into separator on location at 8AM,0,0,145,3480,3480,0,,,,,,,,
PINK31H,25794,13,1,0,3400,24,85,0,151,0,85,0,0,0,0,0,0,151,3624,3624,0,,,,,,,,
PINK31H,25795,14,1,0,3360,24,85,0,154,0,85,0,0,0,0,0,0,154,3696,3696,0,,,,,,,,
PINK31H,25796,15,1,0,3350,24,85,0,167,343,85,0,0,0,0,0,0,167,4008,4008,0,,,,,,,,
PINK31H,25797,16,1,0,3340,24,85,0,165,401,85,0,0,0,0,0,0,165,3960,3960,0,,,,,,,,
PINK31H,25798,17,1,0,3335,24,85,6,170,453,85,15167,0,0,0,96.59,3145.83,176,4224,4080,144,,,,,,,,
PINK31H,25799,18,1,0,3335,24,85,12,170,407,85,15167,0,0,0,93.41,1413.19,182,4368,4080,288,,,,,,,,
PINK31H,25800,19,1,0,3325,24,85,9,172,429,85,15167,0,0,0,95.03,1986.11,181,4344,4128,216,,,,,,,,
PINK31H,25801,20,1,0,3320,24,85,11,178,424,85,15167,0,0,0,94.18,1606.06,189,4536,4272,264,,,,,,,,
PINK31H,25802,21,1,0,3325,24,85,7,180,417,85,15167,0,0,0,96.26,2482.14,187,4488,4320,168,,,,,,,,
PINK31H,25803,22,1,0,3325,24,85,9,179,429,85,15167,0,0,0,95.21,1986.11,188,4512,4296,216,,,,,,,,
PINK31H,25804,23,1,0,3320,24,85,5,197,440,85,15167,0,0,0,97.52,3666.67,202,4848,4728,120,,,,,,,,
PINK31H,25805,24,1,0,3325,26,85,6,196,325,85,15167,0.01,0,Increaesed  to 26 choke,97.03,2256.94,202,4848,4704,144,,,,,,,,
PINK31H,25806,25,1,0,3345,26,85,2,171,300,85,15167,0.01,0,0,98.84,6250,173,4152,4104,48,,,,,,,,
PINK31H,25807,26,1,0,3355,26,85,3,152,300,85,15167,0.01,0,SSV was Partially Closed…Forced Open Using Manual Bypass ,98.06,4166.67,155,3720,3648,72,,,,,,,,
PINK31H,25808,27,1,0,3305,26,85,10,161,350,85,15167,0.01,0,0,94.15,1458.33,171,4104,3864,240,,,,,,,,
PINK31H,25809,28,1,0,3330,26,100,16,226,300,100,15167,0.01,0,0,93.39,781.25,242,5808,5424,384,,,,,,,,
PINK31H,25810,29,1,0,3330,26,100,13,298,312,100,15167,0.01,0,0,95.82,1000,311,7464,7152,312,,,,,,,,
PINK31H,25811,30,1,0,3275,26,100,38,273,288,100,15167,0.01,0,0,87.78,315.79,311,7464,6552,912,,,,,,,,
PINK31H,25812,31,1,0,3265,26,100,26,250,198,100,15167,0.01,0,0,90.58,317.31,276,6624,6000,624,,,,,,,,
PINK31H,25813,32,1,0,3255,26,100,36,266,250,100,15167,0.01,0,0,88.08,289.35,302,7248,6384,864,,,,,,,,
PINK31H,25814,33,1,0,3255,26,100,34,275,240,100,15167,0.01,0,0,89,294.12,309,7416,6600,816,,,,,,,,
PINK31H,25815,34,1,0,3240,26,100,25,275,245,100,15167,0.01,0,0,91.67,408.33,300,7200,6600,600,,,,,,,,
PINK31H,25816,35,1,0,3240,26,100,27,266,335,100,15167,0.01,0,0,90.78,516.98,293,7032,6384,648,,,,,,,,
PINK31H,25817,36,1,0,3230,26,100,28,271,353,100,15167,0.01,0,0,90.64,525.3,299,7176,6504,672,,,,,,,,
PINK31H,25818,37,1,0,3230,26,100,25,268,362,100,15167,0.01,0,0,91.47,603.33,293,7032,6432,600,,,,,,,,
PINK31H,25819,38,1,0,3225,26,100,30,275,465,100,15167,0.01,0,0,90.16,645.83,305,7320,6600,720,,,,,,,,
PINK31H,25820,39,1,0,3220,26,100,28,261,451,100,15167,0.01,0,0,90.31,671.13,289,6936,6264,672,,,,,,,,
PINK31H,25821,40,1,0,3215,26,100,36,255,474,100,15167,0.01,0,0,87.63,548.61,291,6984,6120,864,,,,,,,,
PINK31H,25822,41,1,0,3215,26,100,28,257,455,100,15167,0.01,0,0,90.18,677.08,285,6840,6168,672,,,,,,,,
PINK31H,25823,42,1,0,3210,26,100,34,264,489,100,15167,0.01,0,0,88.59,599.26,298,7152,6336,816,,,,,,,,
PINK31H,25824,43,1,0,3210,26,100,32,268,491,100,15167,0.01,0,0,89.33,639.32,300,7200,6432,768,,,,,,,,
PINK31H,25825,44,1,0,3205,26,100,26,256,526,100,15167,0.01,0,0,90.78,842.95,282,6768,6144,624,,,,,,,,
PINK31H,25826,45,1,0,3200,26,100,33,268,511,100,15167,0.01,0,0,89.04,645.2,301,7224,6432,792,,,,,,,,
PINK31H,25827,46,1,0,3200,26,100,35,270,568,100,15167,0.01,0,0,88.52,676.19,305,7320,6480,840,,,,,,,,
PINK31H,25828,47,1,0,3195,26,100,30,270,310,100,15167,0.01,0,0,90,430.56,300,7200,6480,720,,,,,,,,
PINK31H,25829,48,1,0,3185,26,100,46,261,288,100,15167,0.01,0,0,85.02,260.87,307,7368,6264,1104,,,,,,,,
PINK31H,25830,49,1,0,3180,26,100,25,317,360,100,15167,0.01,0,0,92.69,600,342,8208,7608,600,,,,,,,,
PINK31H,25831,50,1,0,3180,26,100,32,247,360,100,15167,0.01,0,0,88.53,468.75,279,6696,5928,768,,,,,,,,
PINK31H,25832,51,1,0,3180,26,100,26,274,192,100,15167,0.01,0,0,91.33,307.69,300,7200,6576,624,,,,,,,,
PINK31H,25833,52,1,0,3175,26,100,33,283,288,100,15167,0.01,0,0,89.56,363.64,316,7584,6792,792,,,,,,,,
PINK31H,25834,53,1,0,3170,26,100,28,252,216,100,15167,0.01,0,0,90,321.43,280,6720,6048,672,,,,,,,,
PINK31H,25835,54,1,0,3165,26,100,35,252,216,100,15167,0.01,0,0,87.8,257.14,287,6888,6048,840,,,,,,,,
PINK31H,25836,55,1,0,3165,26,100,35,252,216,100,15167,0.01,0,0,87.8,257.14,287,6888,6048,840,,,,,,,,
PINK31H,25837,56,1,0,3160,26,100,40,275,264,100,15167,0.01,0,0,87.3,275,315,7560,6600,960,,,,,,,,
PINK31H,25838,57,1,0,3160,26,100,36,258,336,100,15167,0.01,0,0,87.76,388.89,294,7056,6192,864,,,,,,,,
PINK31H,25839,58,1,0,3150,26,100,46,268,264,100,15167,0.01,0,0,85.35,239.13,314,7536,6432,1104,,,,,,,,
PINK31H,25840,59,1,0,3150,26,100,44,278,298,100,15167,0.01,0,0,86.34,282.2,322,7728,6672,1056,,,,,,,,
PINK31H,25841,60,1,0,3145,26,100,47,267,302,100,15167,0.01,0,0,85.03,267.73,314,7536,6408,1128,,,,,,,,
PINK31H,25842,61,1,0,3145,26,100,43,273,281,100,15167,0.01,0,0,86.39,272.29,316,7584,6552,1032,,,,,,,,
PINK31H,25843,62,1,0,3145,26,100,48,272,325,100,15167,0.01,0,0,85,282.12,320,7680,6528,1152,,,,,,,,
PINK31H,25844,63,1,0,3140,26,100,48,269,306,100,15167,0.01,0,0,84.86,265.63,317,7608,6456,1152,,,,,,,,
PINK31H,25845,64,1,0,3140,26,100,42,277,311,100,15167,0.01,0,0,86.83,308.53,319,7656,6648,1008,,,,,,,,
PINK31H,25846,65,1,0,3135,26,100,42,265,331,100,15167,0.01,0,0,86.32,328.37,307,7368,6360,1008,,,,,,,,
PINK31H,25847,66,1,0,3115,28,100,42,262,437,100,15167,0.01,0,0,86.18,433.53,304,7296,6288,1008,,,,,,,,
PINK31H,25848,67,1,0,3105,28,100,44,263,458,100,15167,0.01,0,0,85.67,433.71,307,7368,6312,1056,,,,,,,,
PINK31H,25849,68,1,0,3100,28,100,40,260,505,100,15167,0.01,0,0,86.67,526.04,300,7200,6240,960,,,,,,,,
PINK31H,25850,69,1,0,3095,28,100,41,258,511,100,15167,0.01,0,0,86.29,519.31,299,7176,6192,984,,,,,,,,
PINK31H,25851,70,1,0,3065,30,100,50,330,1192,100,15167,0.01,0,0,86.84,993.33,380,9120,7920,1200,,,,,,,,
PINK31H,25852,71,1,0,3050,30,100,48,325,476,100,15167,0.01,0,0,87.13,413.19,373,8952,7800,1152,,,,,,,,
PINK31H,25853,72,1,0,3045,30,100,44,310,840,100,15167,0.01,0,0,87.57,795.45,354,8496,7440,1056,,,,,,,,
PINK31H,25854,73,1,0,3045,30,100,45,310,840,100,15167,0.01,0,0,87.32,777.78,355,8520,7440,1080,,,,,,,,
PINK31H,25855,74,1,0,3045,30,100,44,290,552,100,15167,0.01,0,0,86.83,522.73,334,8016,6960,1056,,,,,,,,
PINK31H,25856,75,1,0,3055,30,100,45,324,685,100,15167,0.01,0,0,87.8,634.26,369,8856,7776,1080,,,,,,,,
PINK31H,25857,76,1,0,3045,30,100,44,275,768,100,15167,0.01,0,0,86.21,727.27,319,7656,6600,1056,,,,,,,,
PINK31H,25858,77,1,0,3040,30,100,40,293,760,100,15167,0.01,0,0,87.99,791.67,333,7992,7032,960,,,,,,,,
PINK31H,25859,78,1,0,3040,30,100,40,290,760,100,15167,0.01,0,0,87.88,791.67,330,7920,6960,960,,,,,,,,
PINK31H,25860,79,1,0,3035,30,100,36,275,768,100,15167,0.01,0,0,88.42,888.89,311,7464,6600,864,,,,,,,,
PINK31H,25861,80,1,0,3030,30,100,34,270,780,100,15167,0.01,0,0,88.82,955.88,304,7296,6480,816,,,,,,,,
PINK31H,25862,81,1,0,3025,30,100,33,230,805,100,15167,0.01,0,0,87.45,1016.41,263,6312,5520,792,,,,,,,,
PINK31H,25863,82,1,0,3020,30,100,32,283,840,100,15167,0.01,0,0,89.84,1093.75,315,7560,6792,768,,,,,,,,
PINK31H,25864,83,1,0,3015,30,100,33,265,871,100,15167,0.01,0,0,88.93,1099.75,298,7152,6360,792,,,,,,,,
PINK31H,25865,84,1,0,3010,30,100,34,262,856,100,15167,0.01,0,0,88.51,1049.02,296,7104,6288,816,,,,,,,,
PINK31H,25866,85,1,0,3015,30,100,31,262,816,100,15167,0.01,0,0,89.42,1096.77,293,7032,6288,744,,,,,,,,
PINK31H,25867,86,1,0,3010,30,100,33,265,810,100,15167,0.01,0,0,88.93,1022.73,298,7152,6360,792,,,,,,,,
PINK31H,25868,87,1,0,3005,30,100,32,267,910,100,15167,0.01,0,0,89.3,1184.9,299,7176,6408,768,,,,,,,,
PINK31H,25869,88,1,0,3005,30,100,33,264,845,100,15167,0.01,0,0,88.89,1066.92,297,7128,6336,792,,,,,,,,
PINK31H,25870,89,1,0,3000,30,100,34,270,985,100,15167,0.01,0,0,88.82,1207.11,304,7296,6480,816,,,,,,,,
PINK31H,25871,90,1,0,3000,30,100,32,266,951,100,15167,0.01,0,0,89.26,1238.28,298,7152,6384,768,,,,,,,,
PINK31H,25872,91,1,0,2995,30,100,34,272,1016,100,15167,0.01,0,0,88.89,1245.1,306,7344,6528,816,,,,,,,,
PINK31H,25873,92,1,0,2985,30,100,33,271,998,100,15167,0.01,0,0,89.14,1260.1,304,7296,6504,792,,,,,,,,
PINK31H,25874,93,1,0,2985,30,100,34,273,1010,100,15167,0.01,0,0,88.93,1237.75,307,7368,6552,816,,,,,,,,
PINK31H,25875,94,1,0,2980,30,100,34,270,950,100,15167,0.01,0,0,88.82,1164.22,304,7296,6480,816,,,,,,,,
PINK31H,25876,95,1,0,2975,30,100,35,260,862,100,15167,0.01,0,0,88.14,1026.19,295,7080,6240,840,,,,,,,,
PINK31H,25877,96,1,0,2970,30,100,33,242,864,100,15167,0.01,0,0,88,1090.91,275,6600,5808,792,,,,,,,,
PINK31H,25878,97,1,0,2960,30,100,35,266,888,100,15167,0.01,0,0,88.37,1057.14,301,7224,6384,840,,,,,,,,
PINK31H,25879,98,1,0,2950,30,100,34,260,887,100,15167,0.01,0,0,88.44,1087.01,294,7056,6240,816,,,,,,,,
PINK31H,25880,99,1,0,2940,30,100,34,255,910,100,15167,0.01,0,0,88.24,1115.2,289,6936,6120,816,,,,,,,,
PINK31H,25881,100,1,0,2945,30,100,35,257,952,100,15167,0.01,0,0,88.01,1133.33,292,7008,6168,840,,,,,,,,
PINK31H,25882,101,1,0,2945,30,100,34,260,1010,100,15167,0.01,0,0,88.44,1237.75,294,7056,6240,816,,,,,,,,
PINK31H,25883,102,1,0,2940,30,100,35,261,1060,100,15167,0.01,0,0,88.18,1261.9,296,7104,6264,840,,,,,,,,
PINK31H,25884,103,1,0,2935,30,100,36,265,1030,100,15167,0.01,0,0,88.04,1192.13,301,7224,6360,864,,,,,,,,
PINK31H,25885,104,1,0,2930,30,100,37,270,1070,100,15167,0.01,0,0,87.95,1204.95,307,7368,6480,888,,,,,,,,
PINK31H,25886,105,1,0,2920,30,100,36,262,1010,100,15167,0.01,0,0,87.92,1168.98,298,7152,6288,864,,,,,,,,
PINK31H,25887,106,1,0,2915,30,100,36,268,1005,100,15167,0.01,0,0,88.16,1163.19,304,7296,6432,864,,,,,,,,
PINK31H,25888,107,1,0,2910,30,100,35,259,1061,100,15167,0.01,0,0,88.1,1263.1,294,7056,6216,840,,,,,,,,
PINK31H,25889,108,1,0,2905,30,100,36,255,1055,100,15167,0.01,0,0,87.63,1221.06,291,6984,6120,864,,,,,,,,
PINK31H,25890,109,1,0,2905,30,100,35,261,1039,100,15167,0.01,0,0,88.18,1236.9,296,7104,6264,840,,,,,,,,
PINK82H,25673,1,1,0,1995,18,0,0,111,0,0,0,0,0,0,0,0,111,2664,2664,0,,,,,,,,
PINK82H,25674,2,1,0,1990,18,0,0,115,0,0,0,0,0,0,0,0,115,2760,2760,0,,,,,,,,
PINK82H,25675,3,1,0,1990,18,0,0,115,0,0,0,0,0,0,0,0,115,2760,2760,0,,,,,,,,
PINK82H,25676,4,1,0,1975,20,0,0,116,0,0,0,0,0,Increased to Choke to 20,0,0,116,2784,2784,0,,,,,,,,
PINK82H,25677,5,1,0,2005,20,0,0,120,0,0,0,0,0,0,0,0,120,2880,2880,0,,,,,,,,
PINK82H,25678,6,1,0,2070,20,0,0,120,0,0,0,0,0,0,0,0,120,2880,2880,0,,,,,,,,
PINK82H,25679,7,1,0,2090,20,0,0,120,0,0,0,0,0,0,0,0,120,2880,2880,0,,,,,,,,
PINK82H,25680,8,1,0,2075,20,0,0,121,0,0,0,0,0,0,0,0,121,2904,2904,0,,,,,,,,
PINK82H,25681,9,1,0,2060,20,0,0,128,0,0,0,0,0,0,0,0,128,3072,3072,0,,,,,,,,
PINK82H,25682,10,1,0,2070,22,0,0,130,0,0,0,0,0,Increased to Choke to 22,0,0,130,3120,3120,0,,,,,,,,
PINK82H,25683,11,1,0,2090,22,0,0,130,0,0,0,0,0,0,0,0,130,3120,3120,0,,,,,,,,
PINK82H,25684,12,1,0,2090,22,0,0,128,0,0,0,0,0,0,0,0,128,3072,3072,0,,,,,,,,
PINK82H,25685,13,1,0,2080,22,0,0,128,0,0,0,0,0,0,0,0,128,3072,3072,0,,,,,,,,
PINK82H,25686,14,1,0,2075,22,0,0,128,0,0,0,0,0,0,0,0,128,3072,3072,0,,,,,,,,
PINK82H,25687,15,1,0,2075,24,0,0,125,0,0,0,0,0,0,0,0,125,3000,3000,0,,,,,,,,
PINK82H,25688,16,1,0,2095,24,0,0,126,0,0,0,0,0,0,0,0,126,3024,3024,0,,,,,,,,
PINK82H,25689,17,1,0,2090,24,0,0,121,0,0,0,0,0,0,0,0,121,2904,2904,0,,,,,,,,
PINK82H,25690,18,1,0,2080,24,100,0,119,953,100,0,0,0,0,0,0,119,2856,2856,0,,,,,,,,
PINK82H,25691,19,1,0,2080,24,100,6,132,681,100,0,0,0,0,95.65,4729.17,138,3312,3168,144,,,,,,,,
PINK82H,25692,20,1,0,2075,24,100,21,138,832,100,0,0,0,0,86.79,1650.79,159,3816,3312,504,,,,,,,,
PINK82H,25693,21,1,0,2070,24,100,17,131,781,100,18201,0,0,0,88.51,1914.22,148,3552,3144,408,,,,,,,,
PINK82H,25694,22,1,0,2070,24,100,25,156,839,100,18201,0,0,0,86.19,1398.33,181,4344,3744,600,,,,,,,,
PINK82H,25695,23,1,0,2065,26,100,39,202,967,100,18201,0,0,0,83.82,1033.12,241,5784,4848,936,,,,,,,,
PINK82H,25696,24,1,0,2070,26,100,31,187,963,100,18201,0,0,0,85.78,1294.35,218,5232,4488,744,,,,,,,,
PINK82H,25697,25,1,0,2060,26,100,36,164,871,100,18201,0,0,0,82,1008.1,200,4800,3936,864,,,,,,,,
PINK82H,25698,26,1,0,2055,26,100,33,171,925,100,18201,0,0,0,83.82,1167.93,204,4896,4104,792,,,,,,,,
PINK82H,25699,27,1,0,2050,26,100,31,162,880,100,18201,0,0,0,83.94,1182.8,193,4632,3888,744,,,,,,,,
PINK82H,25700,28,1,0,2045,26,100,39,184,800,100,18201,0,0,0,82.51,854.7,223,5352,4416,936,,,,,,,,
PINK82H,25701,29,1,0,2040,26,100,40,193,672,100,18201,0,0,0,82.83,700,233,5592,4632,960,,,,,,,,
PINK82H,25702,30,1,0,2040,26,100,32,150,768,100,18201,0,0,0,82.42,1000,182,4368,3600,768,,,,,,,,
PINK82H,25703,31,1,0,2035,26,100,34,175,768,100,18201,0,0,0,83.73,941.18,209,5016,4200,816,,,,,,,,
PINK82H,25704,32,1,0,2030,26,100,32,179,744,100,18201,0,0,0,84.83,968.75,211,5064,4296,768,,,,,,,,
PINK82H,25705,33,1,0,2025,26,100,32,163,720,100,18201,0,0,0,83.59,937.5,195,4680,3912,768,,,,,,,,
PINK82H,25706,34,1,0,2025,26,100,35,163,792,100,18201,0,0,0,82.32,942.86,198,4752,3912,840,,,,,,,,
PINK82H,25707,35,1,0,2020,26,100,35,163,792,100,18201,0,0,0,82.32,942.86,198,4752,3912,840,,,,,,,,
PINK82H,25708,36,1,0,2015,26,100,42,175,740,100,18201,0,0,0,80.65,734.13,217,5208,4200,1008,,,,,,,,
PINK82H,25709,37,1,0,2010,26,100,40,168,700,100,18201,0,0,0,80.77,729.17,208,4992,4032,960,,,,,,,,
PINK82H,25710,38,1,0,2005,26,100,38,166,744,100,18201,0,0,0,81.37,815.79,204,4896,3984,912,,,,,,,,
PINK82H,25711,39,1,0,2005,26,100,42,172,756,100,18201,0,0,0,80.37,750,214,5136,4128,1008,,,,,,,,
PINK82H,25712,40,1,0,2000,26,100,41,180,702,100,18201,0,0,0,81.45,713.41,221,5304,4320,984,,,,,,,,
PINK82H,25713,41,1,0,2000,26,100,40,186,778,100,18201,0,0,0,82.3,810.42,226,5424,4464,960,,,,,,,,
PINK82H,25714,42,1,0,1995,26,100,41,179,747,100,18201,0,0,0,81.36,759.15,220,5280,4296,984,,,,,,,,
PINK82H,25715,43,1,0,1990,26,100,37,170,785,100,18201,0,0,0,82.13,884.01,207,4968,4080,888,,,,,,,,
PINK82H,25716,44,1,0,1995,26,100,43,172,770,100,18201,0,0,0,80,746.12,215,5160,4128,1032,,,,,,,,
PINK82H,25717,45,1,0,1985,26,100,37,178,759,100,18201,0,0,0,82.79,854.73,215,5160,4272,888,,,,,,,,
PINK82H,25718,46,1,0,1975,28,100,47,177,866,100,18201,0.5,0,0,79.02,767.73,224,5376,4248,1128,,,,,,,,
PINK82H,25719,47,1,0,1980,28,100,48,200,880,100,18201,0.5,0,0,80.65,763.89,248,5952,4800,1152,,,,,,,,
PINK82H,25720,48,1,0,1970,28,100,46,189,898,100,18201,0.5,0,0,80.43,813.41,235,5640,4536,1104,,,,,,,,
PINK82H,25721,49,1,0,1965,28,100,46,192,859,100,18201,0.5,0,0,80.67,778.08,238,5712,4608,1104,,,,,,,,
PINK82H,25722,50,1,0,1965,28,100,48,181,895,100,18201,0.5,0,0,79.04,776.91,229,5496,4344,1152,,,,,,,,
PINK82H,25723,51,1,0,1960,28,100,49,201,808,100,18201,0.5,0,0,80.4,687.07,250,6000,4824,1176,,,,,,,,
PINK82H,25724,52,1,0,1960,28,100,38,177,888,100,18201,0.5,0,0,82.33,973.68,215,5160,4248,912,,,,,,,,
PINK82H,25725,53,1,0,1955,28,100,42,200,984,100,18201,0.5,0,0,82.64,976.19,242,5808,4800,1008,,,,,,,,
PINK82H,25726,54,1,0,1945,30,100,41,196,936,100,18201,0.5,0,0,82.7,951.22,237,5688,4704,984,,,,,,,,
PINK82H,25727,55,1,0,1945,30,100,40,230,1032,100,18201,0.5,0,0,85.19,1075,270,6480,5520,960,,,,,,,,
PINK82H,25728,56,1,0,1940,30,100,47,203,1056,100,18201,0.5,0,0,81.2,936.17,250,6000,4872,1128,,,,,,,,
PINK82H,25729,57,1,0,1935,30,100,47,205,1055,100,18201,1,0,0,81.35,935.28,252,6048,4920,1128,,,,,,,,
PINK82H,25730,58,1,0,1935,30,100,45,209,1055,100,18201,1,0,0,82.28,976.85,254,6096,5016,1080,,,,,,,,
PINK82H,25731,59,1,0,1925,30,100,46,209,1064,100,18201,1,0,0,81.96,963.77,255,6120,5016,1104,,,,,,,,
PINK82H,25732,60,1,0,1920,30,100,46,211,1064,100,18201,1,0,0,82.1,963.77,257,6168,5064,1104,,,,,,,,
PINK82H,25733,61,1,0,1915,30,100,47,205,1095,100,18201,1,0,0,81.35,970.74,252,6048,4920,1128,,,,,,,,
PINK82H,25734,62,1,0,1910,30,100,45,200,936,100,18201,1,0,0,81.63,866.67,245,5880,4800,1080,,,,,,,,
PINK82H,25735,63,1,0,1905,30,100,47,206,945,100,18201,1,0,0,81.42,837.77,253,6072,4944,1128,,,,,,,,
PINK82H,25736,64,1,0,1905,30,100,46,214,937,100,18201,1,0,0,82.31,848.73,260,6240,5136,1104,,,,,,,,
PINK82H,25737,65,1,0,1900,30,100,43,206,1032,100,18201,1,0,0,82.73,1000,249,5976,4944,1032,,,,,,,,
PINK82H,25738,66,1,0,1900,30,100,45,208,1008,100,18201,1,0,0,82.21,933.33,253,6072,4992,1080,,,,,,,,
PINK82H,25739,67,1,0,1895,30,100,43,196,1030,100,18201,1,0,0,82.01,998.06,239,5736,4704,1032,,,,,,,,
PINK82H,25740,68,1,0,1890,30,100,42,192,1015,100,18201,1,0,0,82.05,1006.94,234,5616,4608,1008,,,,,,,,
PINK82H,25741,69,1,0,1890,30,100,39,186,1024,100,18201,1,0,0,82.67,1094.02,225,5400,4464,936,,,,,,,,
PINK82H,25742,70,1,0,1885,30,100,44,190,989,100,18201,1,0,0,81.2,936.55,234,5616,4560,1056,,,,,,,,
PINK82H,25743,71,1,0,1885,30,100,40,195,1104,100,18201,1,0,0,82.98,1150,235,5640,4680,960,,,,,,,,
PINK82H,25744,72,1,0,1880,30,100,42,208,1080,100,18201,1,0,0,83.2,1071.43,250,6000,4992,1008,,,,,,,,
PINK82H,25745,73,1,0,1875,30,100,39,201,1053,100,18201,1,0,0,83.75,1125,240,5760,4824,936,,,,,,,,
PINK82H,25746,74,1,0,1875,30,100,42,199,1036,100,18201,1,0,0,82.57,1027.78,241,5784,4776,1008,,,,,,,,
PINK82H,25747,75,1,0,1870,30,100,47,210,1044,100,18201,1,0,0,81.71,925.53,257,6168,5040,1128,,,,,,,,
PINK82H,25748,76,1,0,1865,30,100,43,194,1032,100,18201,1,0,0,81.86,1000,237,5688,4656,1032,,,,,,,,
PINK82H,25749,77,1,0,1860,30,100,45,200,1080,100,18201,1,0,0,81.63,1000,245,5880,4800,1080,,,,,,,,
PINK82H,25750,78,1,0,1855,30,100,44,205,1078,100,18201,1,0,0,82.33,1020.83,249,5976,4920,1056,,,,,,,,
PINK82H,25751,79,1,0,1850,30,100,46,208,1075,100,18201,1,0,0,81.89,973.73,254,6096,4992,1104,,,,,,,,
PINK82H,25752,80,1,0,1850,30,100,45,200,1072,100,18201,1,0,0,81.63,992.59,245,5880,4800,1080,,,,,,,,
PINK82H,25753,81,1,0,1845,30,100,43,190,1090,100,18201,1,0,0,81.55,1056.2,233,5592,4560,1032,,,,,,,,
PINK82H,25754,82,1,0,1840,30,100,42,195,1092,100,18201,1,0,0,82.28,1083.33,237,5688,4680,1008,,,,,,,,
PINK82H,25755,83,1,0,1840,30,100,41,197,1100,100,18201,1,0,0,82.77,1117.89,238,5712,4728,984,,,,,,,,
PINK82H,25756,84,1,0,1835,30,100,42,193,1104,100,18201,1,0,0,82.13,1095.24,235,5640,4632,1008,,,,,,,,
PINK82H,25757,85,1,0,1835,30,100,45,200,1097,100,18201,1,0,0,81.63,1015.74,245,5880,4800,1080,,,,,,,,
PINK82H,25758,86,1,0,1830,30,100,44,192,1100,100,18201,1,0,0,81.36,1041.67,236,5664,4608,1056,,,,,,,,
PINK82H,25759,87,1,0,1830,30,100,43,198,1069,100,18201,1,0,0,82.16,1035.85,241,5784,4752,1032,,,,,,,,
PINK82H,25760,88,1,0,1825,30,100,41,200,1131,100,18201,1,0,0,82.99,1149.39,241,5784,4800,984,,,,,,,,
PINK82H,25761,89,1,0,1820,30,100,44,197,1037,100,18201,1,0,0,81.74,982.01,241,5784,4728,1056,,,,,,,,
PINK82H,25762,90,1,0,1820,30,100,42,194,1081,100,18201,1,0,0,82.2,1072.42,236,5664,4656,1008,,,,,,,,
PINK82H,25763,91,1,0,1815,30,100,43,201,1115,100,18201,1,0,0,82.38,1080.43,244,5856,4824,1032,,,,,,,,
PINK82H,25764,92,1,0,1815,30,100,42,196,1090,100,18201,1,0,0,82.35,1081.35,238,5712,4704,1008,,,,,,,,
PINK82H,25765,93,1,0,1810,30,100,41,199,1037,100,18201,1,0,0,82.92,1053.86,240,5760,4776,984,,,,,,,,
PINK82H,25766,94,1,0,1805,30,100,41,197,1082,100,18201,1,0,0,82.77,1099.59,238,5712,4728,984,,,,,,,,
PINK82H,25767,95,1,0,1805,30,100,43,198,1092,100,18201,1,0,0,82.16,1058.14,241,5784,4752,1032,,,,,,,,
PINK82H,25768,96,1,0,1800,30,100,43,196,1104,100,18201,1,0,0,82.01,1069.77,239,5736,4704,1032,,,,,,,,
PINK82H,25769,97,1,0,1800,30,100,41,199,1018,100,18201,1,0,0,82.92,1034.55,240,5760,4776,984,,,,,,,,
PINK82H,25770,98,1,0,1795,30,100,42,196,1042,100,18201,1,0,0,82.35,1033.73,238,5712,4704,1008,,,,,,,,
PINK82H,25771,99,1,0,1790,30,100,42,205,1184,100,18201,1,0,0,83,1174.6,247,5928,4920,1008,,,,,,,,
PINK82H,25772,100,1,0,1790,30,100,43,200,1032,100,18201,1,0,0,82.3,1000,243,5832,4800,1032,,,,,,,,
PINK82H,25773,101,1,0,1785,30,100,46,193,1224,100,18201,1,0,0,80.75,1108.7,239,5736,4632,1104,,,,,,,,
PINK82H,25774,102,1,0,1785,30,100,44,190,1150,100,18201,1,0,0,81.2,1089.02,234,5616,4560,1056,,,,,,,,
PINK82H,25775,103,1,0,1780,30,100,43,195,1135,100,18201,1,0,0,81.93,1099.81,238,5712,4680,1032,,,,,,,,
PINK82H,25776,104,1,0,1780,30,100,44,180,1120,100,18201,1,0,0,80.36,1060.61,224,5376,4320,1056,,,,,,,,
PINK82H,25777,105,1,0,1775,30,100,46,181,1123,100,18201,1,0,0,79.74,1017.21,227,5448,4344,1104,,,,,,,,
PINK82H,25778,106,1,0,1775,30,100,45,184,1118,100,18201,1,0,0,80.35,1035.19,229,5496,4416,1080,,,,,,,,
PINK82H,25779,107,1,0,1770,30,100,47,183,1129,100,18201,1,0,0,79.57,1000.89,230,5520,4392,1128,,,,,,,,
PINK82H,25780,108,1,0,1770,30,100,48,185,1110,100,18201,1,0,0,79.4,963.54,233,5592,4440,1152,,,,,,,,
PINK82H,25781,109,1,0,1765,30,100,43,185,1121,100,18201,1,0,0,81.14,1086.24,228,5472,4440,1032,,,,,,,,
PINK84H,26000,1,1,0,1800,20,0,0,88,0,0,0,0,0,0,0,0,88,2112,2112,0,,,,,,,,
PINK84H,26001,2,1,0,1650,20,0,0,102,0,0,0,0,0,0,0,0,102,2448,2448,0,,,,,,,,
PINK84H,26002,3,1,0,1480,20,0,0,118,0,0,0,0,0,0,0,0,118,2832,2832,0,,,,,,,,
PINK84H,26003,4,1,0,1435,20,0,0,116,0,0,0,0,0,0,0,0,116,2784,2784,0,,,,,,,,
PINK84H,26004,5,1,0,1370,20,0,0,112,0,0,0,0,0,0,0,0,112,2688,2688,0,,,,,,,,
PINK84H,26005,6,1,0,700,30,0,0,78,0,0,0,0,0,Began surge procedure with Ruben G.,0,0,78,1872,1872,0,,,,,,,,
PINK84H,26006,7,1,0,585,40,0,0,71,0,0,0,0,0,0,0,0,71,1704,1704,0,,,,,,,,
PINK84H,26007,8,1,0,535,40,0,0,70,0,0,0,0,0,0,0,0,70,1680,1680,0,,,,,,,,
PINK84H,26008,9,1,0,480,40,0,0,73,0,0,0,0,0,0,0,0,73,1752,1752,0,,,,,,,,
PINK84H,26009,10,1,0,480,40,0,0,92,0,0,0,1,0,Started seeing heavy sand.,0,0,92,2208,2208,0,,,,,,,,
PINK84H,26010,11,1,0,440,40,0,0,87,0,0,0,1,0,0,0,0,87,2088,2088,0,,,,,,,,
PINK84H,26011,12,1,0,405,40,0,0,84,0,0,0,1,0,0,0,0,84,2016,2016,0,,,,,,,,
PINK84H,26012,13,1,0,380,40,0,0,85,0,0,0,1,0,0,0,0,85,2040,2040,0,,,,,,,,
PINK84H,26013,14,1,0,360,40,0,0,82,0,0,0,1,0,0,0,0,82,1968,1968,0,,,,,,,,
PINK84H,26014,15,1,0,335,46,0,0,78,0,0,0,1,0,0,0,0,78,1872,1872,0,,,,,,,,
PINK84H,26015,16,1,0,320,46,0,0,81,0,0,0,1,0,0,0,0,81,1944,1944,0,,,,,,,,
PINK84H,26016,17,1,0,215,46,0,0,68,0,0,0,1,0,0,0,0,68,1632,1632,0,,,,,,,,
PINK84H,26017,18,1,0,240,50,0,0,71,0,0,0,1,0,0,0,0,71,1704,1704,0,,,,,,,,
PINK84H,26018,19,1,0,130,128,0,0,75,0,0,0,1,0,0,0,0,75,1800,1800,0,,,,,,,,
PINK84H,26019,20,1,0,125,0,0,0,68,0,0,0,1,0,SHUT IN WELL WAITING FOR COIL TUBING FOR TOMORROW MORNING.,0,0,68,1632,1632,0,,,,,,,,
PINK84H,26020,21,1,0,150,0,0,0,0,0,0,0,0,0,0,0,0,0,0,0,0,,,,,,,,
PINK84H,26021,22,1,0,630,0,0,0,0,0,0,0,0,0,0,0,0,0,0,0,0,,,,,,,,
PINK84H,26022,23,1,0,885,0,0,0,0,0,0,0,0,0,0,0,0,0,0,0,0,,,,,,,,
PINK84H,26023,24,1,0,1100,0,0,0,0,0,0,0,0,0,0,0,0,0,0,0,0,,,,,,,,
PINK84H,26024,25,1,0,1165,0,0,0,0,0,0,0,0,0,0,0,0,0,0,0,0,,,,,,,,
PINK84H,26025,26,1,0,1190,0,0,0,0,0,0,0,0,0,Well shut in,0,0,0,0,0,0,,,,,,,,
PINK84H,26026,27,1,0,1335,0,0,0,0,0,0,0,0,0,0,0,0,0,0,0,0,,,,,,,,
PINK84H,26027,28,1,0,1370,0,0,0,0,0,0,0,0,0,0,0,0,0,0,0,0,,,,,,,,
PINK84H,26028,29,1,0,1455,0,0,0,0,0,0,0,0,0,0,0,0,0,0,0,0,,,,,,,,
PINK84H,26029,30,1,0,1480,0,0,0,0,0,0,0,0,0,0,0,0,0,0,0,0,,,,,,,,
PINK84H,26030,31,1,0,1540,0,0,0,0,0,0,0,0,0,0,0,0,0,0,0,0,,,,,,,,
PINK84H,26031,32,1,0,1575,0,0,0,0,0,0,0,0,0,0,0,0,0,0,0,0,,,,,,,,
PINK84H,26032,33,1,0,1615,0,0,0,0,0,0,0,0,0,0,0,0,0,0,0,0,,,,,,,,
PINK84H,26033,34,1,0,1645,0,0,0,0,0,0,0,0,0,0,0,0,0,0,0,0,,,,,,,,
PINK84H,26034,35,1,0,1645,0,0,0,0,0,0,0,0,0,0,0,0,0,0,0,0,,,,,,,,
PINK84H,26035,36,1,0,1680,0,0,0,0,0,0,0,0,0,0,0,0,0,0,0,0,,,,,,,,
PINK84H,26036,37,1,0,1710,0,0,0,0,0,0,0,0,0,0,0,0,0,0,0,0,,,,,,,,
PINK84H,26037,38,1,0,1750,0,0,0,0,0,0,0,0,0,0,0,0,0,0,0,0,,,,,,,,
PINK84H,26038,39,1,0,1760,0,0,0,0,0,0,0,0,0,0,0,0,0,0,0,0,,,,,,,,
PINK84H,26039,40,1,0,1770,0,0,0,0,0,0,0,0,0,0,0,0,0,0,0,0,,,,,,,,
PINK84H,26040,41,1,0,1785,0,0,0,0,0,0,0,0,0,0,0,0,0,0,0,0,,,,,,,,
PINK84H,26041,42,1,0,1805,0,0,0,0,0,0,0,0,0,0,0,0,0,0,0,0,,,,,,,,
PINK84H,26042,43,1,0,1820,0,0,0,0,0,0,0,0,0,0,0,0,0,0,0,0,,,,,,,,
PINK84H,26043,44,1,0,1835,0,0,0,0,0,0,0,0,0,0,0,0,0,0,0,0,,,,,,,,
PINK84H,26044,45,1,0,1840,0,0,0,0,0,0,0,0,0,0,0,0,0,0,0,0,,,,,,,,
PINK84H,26045,46,1,0,1845,0,0,0,0,0,0,0,0,0,0,0,0,0,0,0,0,,,,,,,,
PINK84H,26046,47,1,0,1850,0,0,0,0,0,0,0,0,0,0,0,0,0,0,0,0,,,,,,,,
PINK84H,26047,48,1,0,1860,0,0,0,0,0,0,0,0,0,0,0,0,0,0,0,0,,,,,,,,
PINK84H,26048,49,1,0,1865,0,0,0,0,0,0,0,0,0,0,0,0,0,0,0,0,,,,,,,,
PINK84H,26049,50,1,0,1870,0,0,0,0,0,0,0,0,0,0,0,0,0,0,0,0,,,,,,,,
PINK84H,26050,51,1,0,1870,0,0,0,0,0,0,0,0,0,0,0,0,0,0,0,0,,,,,,,,
PINK84H,26051,52,1,0,1870,0,0,0,0,0,0,0,0,0,0,0,0,0,0,0,0,,,,,,,,
PINK84H,26052,53,1,0,1870,0,0,0,0,0,0,0,0,0,0,0,0,0,0,0,0,,,,,,,,
PINK84H,26053,54,1,0,1870,0,0,0,0,0,0,0,0,0,0,0,0,0,0,0,0,,,,,,,,
PINK84H,26054,55,1,0,1870,0,0,0,0,0,0,0,0,0,0,0,0,0,0,0,0,,,,,,,,
PINK84H,26055,56,1,0,1870,0,0,0,0,0,0,0,0,0,0,0,0,0,0,0,0,,,,,,,,
PINK84H,26056,57,1,0,1870,0,0,0,0,0,0,0,0,0,0,0,0,0,0,0,0,,,,,,,,
PINK84H,26057,58,1,0,1870,0,0,0,0,0,0,0,0,0,0,0,0,0,0,0,0,,,,,,,,
PINK84H,26058,59,1,0,1870,0,0,0,0,0,0,0,0,0,0,0,0,0,0,0,0,,,,,,,,
PINK84H,26059,60,1,0,1870,0,0,0,0,0,0,0,0,0,0,0,0,0,0,0,0,,,,,,,,
PINK84H,26060,61,1,0,1870,0,0,0,0,0,0,0,0,0,0,0,0,0,0,0,0,,,,,,,,
PINK84H,26061,62,1,0,1870,0,0,0,0,0,0,0,0,0,0,0,0,0,0,0,0,,,,,,,,
PINK84H,26062,63,1,0,1870,0,0,0,0,0,0,0,0,0,0,0,0,0,0,0,0,,,,,,,,
PINK84H,26063,64,1,0,1870,0,0,0,0,0,0,0,0,0,0,0,0,0,0,0,0,,,,,,,,
PINK84H,26064,65,1,0,1870,0,0,0,0,0,0,0,0,0,0,0,0,0,0,0,0,,,,,,,,
PINK84H,26065,66,1,0,1870,0,0,0,0,0,0,0,0,0,0,0,0,0,0,0,0,,,,,,,,
PINK84H,26066,67,1,0,1870,0,0,0,0,0,0,0,0,0,0,0,0,0,0,0,0,,,,,,,,
PINK84H,26067,68,1,0,1870,0,0,0,0,0,0,0,0,0,coil tubing on well,0,0,0,0,0,0,,,,,,,,
PINK84H,26068,69,1,0,1870,0,0,0,0,0,0,0,0,0,0,0,0,0,0,0,0,,,,,,,,
PINK84H,26069,70,1,0,1870,0,0,0,0,0,0,0,0,0,0,0,0,0,0,0,0,,,,,,,,
PINK84H,26070,71,1,0,1870,0,0,0,0,0,0,0,0,0,0,0,0,0,0,0,0,,,,,,,,
PINK84H,26071,72,1,0,1870,0,0,0,0,0,0,0,0,0,0,0,0,0,0,0,0,,,,,,,,
PINK84H,26072,73,1,0,1870,0,0,0,0,0,0,0,0,0,0,0,0,0,0,0,0,,,,,,,,
PINK84H,26073,74,1,0,1870,0,0,0,0,0,0,0,0,0,coil tubing on well,0,0,0,0,0,0,,,,,,,,
PINK84H,26074,75,1,0,1870,0,0,0,0,0,0,0,0,0,0,0,0,0,0,0,0,,,,,,,,
PINK84H,26075,76,1,0,1870,0,0,0,0,0,0,0,0,0,0,0,0,0,0,0,0,,,,,,,,
PINK84H,26076,77,1,0,1870,0,0,0,0,0,0,0,0,0,0,0,0,0,0,0,0,,,,,,,,
PINK84H,26077,78,1,0,1870,0,0,0,0,0,0,0,0,0,0,0,0,0,0,0,0,,,,,,,,
PINK84H,26078,79,1,0,1870,0,0,0,0,0,0,0,0,0,0,0,0,0,0,0,0,,,,,,,,
PINK84H,26079,80,1,0,1870,0,0,0,0,0,0,0,0,0,coil tubing on well,0,0,0,0,0,0,,,,,,,,
PINK84H,26080,81,1,0,1870,0,0,0,0,0,0,0,0,0,0,0,0,0,0,0,0,,,,,,,,
PINK84H,26081,82,1,0,1870,0,0,0,0,0,0,0,0,0,0,0,0,0,0,0,0,,,,,,,,
PINK84H,26082,83,1,0,1870,0,0,0,0,0,0,0,0,0,0,0,0,0,0,0,0,,,,,,,,
PINK84H,26083,84,1,0,1870,0,0,0,0,0,0,0,0,0,0,0,0,0,0,0,0,,,,,,,,
PINK84H,26084,85,1,0,1870,0,0,0,0,0,0,0,0,0,0,0,0,0,0,0,0,,,,,,,,
PINK84H,26085,86,1,0,1870,0,0,0,0,0,0,0,0,0,coil tubing on well,0,0,0,0,0,0,,,,,,,,
PINK84H,26086,87,1,0,1870,0,0,0,0,0,0,0,0,0,0,0,0,0,0,0,0,,,,,,,,
PINK84H,26087,88,1,0,1870,0,0,0,0,0,0,0,0,0,0,0,0,0,0,0,0,,,,,,,,
PINK84H,26088,89,1,0,1870,0,0,0,0,0,0,0,0,0,0,0,0,0,0,0,0,,,,,,,,
PINK84H,26089,90,1,0,1870,0,0,0,0,0,0,0,0,0,0,0,0,0,0,0,0,,,,,,,,
PINK84H,26090,91,1,0,1870,0,0,0,0,0,0,0,0,0,0,0,0,0,0,0,0,,,,,,,,
PINK84H,26091,92,1,0,1870,0,0,0,0,0,0,0,0,0,coil tubing on well,0,0,0,0,0,0,,,,,,,,
PINK84H,26092,93,1,0,1870,0,0,0,0,0,0,0,0,0,0,0,0,0,0,0,0,,,,,,,,
PINK84H,26093,94,1,0,1870,0,0,0,0,0,0,0,0,0,0,0,0,0,0,0,0,,,,,,,,
PINK84H,26094,95,1,0,1870,0,0,0,0,0,0,0,0,0,0,0,0,0,0,0,0,,,,,,,,
PINK84H,26095,96,1,0,1870,0,0,0,0,0,0,0,0,0,0,0,0,0,0,0,0,,,,,,,,
PINK84H,26096,97,1,0,1870,0,0,0,0,0,0,0,0,0,0,0,0,0,0,0,0,,,,,,,,
PINK84H,26097,98,1,0,1870,0,0,0,0,0,0,0,0,0,coil tubing on well,0,0,0,0,0,0,,,,,,,,
PINK84H,26098,99,1,0,1870,0,0,0,0,0,0,0,0,0,0,0,0,0,0,0,0,,,,,,,,
PINK84H,26099,100,1,0,1870,0,0,0,0,0,0,0,0,0,0,0,0,0,0,0,0,,,,,,,,
PINK84H,26100,101,1,0,1870,0,0,0,0,0,0,0,0,0,0,0,0,0,0,0,0,,,,,,,,
PINK84H,26101,102,1,0,1870,0,0,0,0,0,0,0,0,0,0,0,0,0,0,0,0,,,,,,,,
PINK84H,26102,103,1,0,1870,0,0,0,0,0,0,0,0,0,0,0,0,0,0,0,0,,,,,,,,
PINK84H,26103,104,1,0,1870,0,0,0,0,0,0,0,0,0,Coil Tub Rigged Down,0,0,0,0,0,0,,,,,,,,
PINK84H,26104,105,1,0,1870,0,0,0,0,0,0,0,0,0,0,0,0,0,0,0,0,,,,,,,,
PINK84H,26105,106,1,0,1870,0,0,0,0,0,0,0,0,0,0,0,0,0,0,0,0,,,,,,,,
PINK84H,26106,107,1,0,1870,0,0,0,0,0,0,0,0,0,0,0,0,0,0,0,0,,,,,,,,
PINK84H,26107,108,1,0,1870,0,0,0,0,0,0,0,0,0,0,0,0,0,0,0,0,,,,,,,,
PINK84H,26108,109,1,0,1870,0,0,0,0,0,0,0,0,0,0,0,0,0,0,0,0,,,,,,,,
